time,DA_price,spot_price,CO_price
01/10/2023 00:00,56.7,83.13,44.31
01/10/2023 00:30,56.7,80.98,31
01/10/2023 01:00,45.49,75.5,15.2
01/10/2023 01:30,45.49,75.22,15.2
01/10/2023 02:00,40.13,54.7,-54.95
01/10/2023 02:30,40.13,38.69,15
01/10/2023 03:00,40.76,48.68,114.5
01/10/2023 03:30,40.76,72.37,114.5
01/10/2023 04:00,44.78,84.38,119
01/10/2023 04:30,44.78,84.28,84.28
01/10/2023 05:00,59,82.16,50.1
01/10/2023 05:30,59,84.26,115
01/10/2023 06:00,63.91,70.99,72.21
01/10/2023 06:30,63.91,90.29,114
01/10/2023 07:00,63.9,69.29,55.5
01/10/2023 07:30,63.9,78.29,57.05
01/10/2023 08:00,71.77,60.06,33.2
01/10/2023 08:30,71.77,61.11,35.1
01/10/2023 09:00,78.95,55.48,35.5
01/10/2023 09:30,78.95,56.05,35.5
01/10/2023 10:00,83.75,66.57,35.5
01/10/2023 10:30,83.75,64.5,35.5
01/10/2023 11:00,89.94,71.13,123
01/10/2023 11:30,89.94,77.24,123
01/10/2023 12:00,79.76,86.13,123
01/10/2023 12:30,79.76,85.1,123
01/10/2023 13:00,84.01,86.11,86.11
01/10/2023 13:30,84.01,77.93,20
01/10/2023 14:00,70.09,69.91,22
01/10/2023 14:30,70.09,53.01,123
01/10/2023 15:00,80.02,90.76,124
01/10/2023 15:30,80.02,95.7,50
01/10/2023 16:00,98.05,104.29,129.9
01/10/2023 16:30,98.05,109.02,130
01/10/2023 17:00,108.26,113.21,130
01/10/2023 17:30,108.26,117.76,129.95
01/10/2023 18:00,117.19,120.57,129.95
01/10/2023 18:30,117.19,121.25,129.95
01/10/2023 19:00,103.17,121.04,124
01/10/2023 19:30,103.17,109.25,113
01/10/2023 20:00,89.54,110.47,124
01/10/2023 20:30,89.54,100.49,124
01/10/2023 21:00,84.07,102.07,129.95
01/10/2023 21:30,84.07,99.07,124
01/10/2023 22:00,79.7,90.61,63.02
01/10/2023 22:30,79.7,85.56,54
01/10/2023 23:00,77,83.28,54
01/10/2023 23:30,77,72.51,54
02/10/2023 00:00,75.91,68.92,40.14
02/10/2023 00:30,75.91,81.3,113
02/10/2023 01:00,74.02,82.2,120
02/10/2023 01:30,74.02,78.57,54.1
02/10/2023 02:00,73.93,73.94,54
02/10/2023 02:30,73.93,68.31,54
02/10/2023 03:00,78.44,81.9,53.48
02/10/2023 03:30,78.44,74.41,46.3
02/10/2023 04:00,89.81,88.11,54.1
02/10/2023 04:30,89.81,88.33,54.1
02/10/2023 05:00,116.65,97.01,54.15
02/10/2023 05:30,116.65,108.13,120
02/10/2023 06:00,115.61,109.03,127
02/10/2023 06:30,115.61,122.59,141.31
02/10/2023 07:00,101.57,99.19,120
02/10/2023 07:30,101.57,111.49,124.88
02/10/2023 08:00,101.72,98.76,54.26
02/10/2023 08:30,101.72,91,54.26
02/10/2023 09:00,90.11,88.26,54.26
02/10/2023 09:30,90.11,79.93,48
02/10/2023 10:00,83.02,76.83,54.36
02/10/2023 10:30,83.02,74.04,-46.8
02/10/2023 11:00,79.4,70.87,35
02/10/2023 11:30,79.4,75.7,118.65
02/10/2023 12:00,78.27,77.33,110
02/10/2023 12:30,78.27,80.64,118.9
02/10/2023 13:00,83.02,86.54,110
02/10/2023 13:30,83.02,79.64,55
02/10/2023 14:00,88.01,97.08,91.17
02/10/2023 14:30,88.01,94.94,44.29
02/10/2023 15:00,99.92,107.41,111
02/10/2023 15:30,99.92,109.96,112.38
02/10/2023 16:00,120.2,130.19,147.61
02/10/2023 16:30,120.2,130.1,147.12
02/10/2023 17:00,134.11,151.41,187.29
02/10/2023 17:30,134.11,153.34,184.25
02/10/2023 18:00,133.23,130.6,57.2
02/10/2023 18:30,133.23,111.54,146.28
02/10/2023 19:00,105.01,101.47,57.5
02/10/2023 19:30,105.01,89.89,57.5
02/10/2023 20:00,90.8,74.39,35
02/10/2023 20:30,90.8,74.31,55.66
02/10/2023 21:00,86.8,71.42,71.42
02/10/2023 21:30,86.8,78.4,44.29
02/10/2023 22:00,93.4,75.63,57.2
02/10/2023 22:30,93.4,59.86,35
02/10/2023 23:00,83.06,36.36,0
02/10/2023 23:30,83.06,32.8,-52.1
03/10/2023 00:00,75.61,13.76,-50
03/10/2023 00:30,75.61,7.5,-54.34
03/10/2023 01:00,51.21,5.82,16.8
03/10/2023 01:30,51.21,-0.33,17.99
03/10/2023 02:00,36.53,-7.75,-8
03/10/2023 02:30,36.53,-5.87,-6.87
03/10/2023 03:00,24.01,-4.56,0.01
03/10/2023 03:30,24.01,-2.92,0.85
03/10/2023 04:00,45.01,7.72,6.23
03/10/2023 04:30,45.01,21.29,109
03/10/2023 05:00,80.79,52.74,37.93
03/10/2023 05:30,80.79,77.34,36.32
03/10/2023 06:00,106.24,93.96,5
03/10/2023 06:30,106.24,102.87,111
03/10/2023 07:00,118.89,111.11,111
03/10/2023 07:30,118.89,108.82,111
03/10/2023 08:00,104.2,101.79,110
03/10/2023 08:30,104.2,83.95,5
03/10/2023 09:00,66.08,73.05,5
03/10/2023 09:30,66.08,65.32,17.99
03/10/2023 10:00,43.39,62.62,107.35
03/10/2023 10:30,43.39,47.72,56
03/10/2023 11:00,14.01,38.19,-35
03/10/2023 11:30,14.01,25.35,0
03/10/2023 12:00,2.49,36.2,43.18
03/10/2023 12:30,2.49,34.14,43.18
03/10/2023 13:00,0.11,24.03,-34.1
03/10/2023 13:30,0.11,18.38,-71.5
03/10/2023 14:00,6.56,3.67,-74
03/10/2023 14:30,6.56,12.89,4.63
03/10/2023 15:00,50.01,24.71,43.7
03/10/2023 15:30,50.01,48.43,47.06
03/10/2023 16:00,76.64,77.41,106
03/10/2023 16:30,76.64,85.92,106
03/10/2023 17:00,101.51,87.59,106
03/10/2023 17:30,101.51,95.85,107
03/10/2023 18:00,110.97,94.13,109.9
03/10/2023 18:30,110.97,94.84,105.85
03/10/2023 19:00,88.19,96.86,104.5
03/10/2023 19:30,88.19,88.31,104.25
03/10/2023 20:00,77.35,78.85,36.1
03/10/2023 20:30,77.35,67.15,35.5
03/10/2023 21:00,58.17,75,59.01
03/10/2023 21:30,58.17,62.9,35.5
03/10/2023 22:00,53.99,48.78,44.52
03/10/2023 22:30,53.99,28.75,41.16
03/10/2023 23:00,36.53,9.69,5.93
03/10/2023 23:30,36.53,6.02,5.05
04/10/2023 00:00,30.12,6.24,4.21
04/10/2023 00:30,30.12,10.08,4.21
04/10/2023 01:00,16.92,8.93,4.21
04/10/2023 01:30,16.92,5.24,5.08
04/10/2023 02:00,13.85,18.45,97.23
04/10/2023 02:30,13.85,26.65,97.5
04/10/2023 03:00,40.94,62.28,99
04/10/2023 03:30,40.94,61.31,97.5
04/10/2023 04:00,62.58,79.79,97.5
04/10/2023 04:30,62.58,70.74,97
04/10/2023 05:00,89.07,81.51,99
04/10/2023 05:30,89.07,92.29,99
04/10/2023 06:00,99.93,90.69,97
04/10/2023 06:30,99.93,110.15,99
04/10/2023 07:00,85.86,93.77,36.01
04/10/2023 07:30,85.86,87.35,54.63
04/10/2023 08:00,76.6,53.04,5
04/10/2023 08:30,76.6,34.76,25.1
04/10/2023 09:00,60.1,63.65,99
04/10/2023 09:30,60.1,67.88,99
04/10/2023 10:00,59.92,64.17,97.5
04/10/2023 10:30,59.92,56.38,25.15
04/10/2023 11:00,48.08,46.42,23.2
04/10/2023 11:30,48.08,39.13,97.5
04/10/2023 12:00,44.12,38.66,97.5
04/10/2023 12:30,44.12,43.03,23.2
04/10/2023 13:00,52.68,64.69,99
04/10/2023 13:30,52.68,60.36,99
04/10/2023 14:00,64.95,84.37,118
04/10/2023 14:30,64.95,84.67,118
04/10/2023 15:00,71.64,95.35,118
04/10/2023 15:30,71.64,87.29,108.9
04/10/2023 16:00,82.91,94.2,82.06
04/10/2023 16:30,82.91,99.94,54.63
04/10/2023 17:00,106.01,105.47,110.39
04/10/2023 17:30,106.01,108.47,113.28
04/10/2023 18:00,101.01,95.58,46.05
04/10/2023 18:30,101.01,88.03,46.05
04/10/2023 19:00,77.94,85.84,46.05
04/10/2023 19:30,77.94,71.81,46.05
04/10/2023 20:00,70.06,72.13,47
04/10/2023 20:30,70.06,75.84,108.9
04/10/2023 21:00,69.76,80.12,47
04/10/2023 21:30,69.76,76.63,76.63
04/10/2023 22:00,70.02,59.37,47
04/10/2023 22:30,70.02,60.95,47
04/10/2023 23:00,61.48,56.02,62.66
04/10/2023 23:30,61.48,55.14,59.49
05/10/2023 00:00,50.01,50.2,51.24
05/10/2023 00:30,50.01,53.13,51.24
05/10/2023 01:00,47.01,46.41,43.86
05/10/2023 01:30,47.01,45.11,44.06
05/10/2023 02:00,54.65,47.25,47.29
05/10/2023 02:30,54.65,45,47.29
05/10/2023 03:00,68.53,61.08,60.81
05/10/2023 03:30,68.53,56.25,60.1
05/10/2023 04:00,86.4,59.86,45
05/10/2023 04:30,86.4,49.65,31
05/10/2023 05:00,86.47,56.65,45
05/10/2023 05:30,86.47,67.95,109
05/10/2023 06:00,101.01,91.91,45
05/10/2023 06:30,101.01,105.36,45
05/10/2023 07:00,99.54,85.17,115
05/10/2023 07:30,99.54,91.08,165
05/10/2023 08:00,89.95,89.81,115
05/10/2023 08:30,89.95,82.79,45.1
05/10/2023 09:00,78,74.73,45
05/10/2023 09:30,78,68.62,45.1
05/10/2023 10:00,76.13,58.1,45.1
05/10/2023 10:30,76.13,64.75,46
05/10/2023 11:00,66.06,60.49,45.55
05/10/2023 11:30,66.06,57.05,11.37
05/10/2023 12:00,66.2,66.07,46
05/10/2023 12:30,66.2,58.53,46
05/10/2023 13:00,65.51,46.01,-75
05/10/2023 13:30,65.51,49.57,99
05/10/2023 14:00,63.35,65.57,98.89
05/10/2023 14:30,63.35,65.53,98.89
05/10/2023 15:00,75.21,62.78,46.05
05/10/2023 15:30,75.21,63.53,0.69
05/10/2023 16:00,92.01,59.52,46
05/10/2023 16:30,92.01,61.78,46.15
05/10/2023 17:00,93.43,58.68,46.15
05/10/2023 17:30,93.43,64.81,46.1
05/10/2023 18:00,89.74,60.85,46.1
05/10/2023 18:30,89.74,56.41,46.05
05/10/2023 19:00,77.95,62.43,46.15
05/10/2023 19:30,77.95,63.09,46.21
05/10/2023 20:00,70.51,61.17,91.23
05/10/2023 20:30,70.51,60.98,46.05
05/10/2023 21:00,55.07,59.86,46.05
05/10/2023 21:30,55.07,48.03,26
05/10/2023 22:00,59.48,42.74,-21.53
05/10/2023 22:30,59.48,1.08,-50
05/10/2023 23:00,46.3,-15.59,-50
05/10/2023 23:30,46.3,-26.36,-61.04
06/10/2023 00:00,33.03,-42.78,-70
06/10/2023 00:30,33.03,-47.34,-75
06/10/2023 01:00,23.9,-49.65,-75
06/10/2023 01:30,23.9,-54.81,-81
06/10/2023 02:00,12.54,-69.58,-82.24
06/10/2023 02:30,12.54,-72.97,-82.24
06/10/2023 03:00,5.39,-71.33,-82.24
06/10/2023 03:30,5.39,-73.24,-82.24
06/10/2023 04:00,38,-65.02,-84.52
06/10/2023 04:30,38,-59.24,-81
06/10/2023 05:00,84.37,2.65,0
06/10/2023 05:30,84.37,53.19,9.09
06/10/2023 06:00,101.58,59.39,38
06/10/2023 06:30,101.58,79.38,46
06/10/2023 07:00,90.16,58.36,20
06/10/2023 07:30,90.16,61.5,20
06/10/2023 08:00,74.44,32.19,20
06/10/2023 08:30,74.44,43.45,93.75
06/10/2023 09:00,62.24,43.42,43.42
06/10/2023 09:30,62.24,35.83,7.01
06/10/2023 10:00,53.55,22.65,22.65
06/10/2023 10:30,53.55,19.58,-74
06/10/2023 11:00,40.9,6.77,-82.24
06/10/2023 11:30,40.9,-0.08,-0.08
06/10/2023 12:00,37.07,11.87,9.3
06/10/2023 12:30,37.07,15.04,10.08
06/10/2023 13:00,48.9,29.56,93.75
06/10/2023 13:30,48.9,39.8,95
06/10/2023 14:00,59.24,59.55,95
06/10/2023 14:30,59.24,53.27,95
06/10/2023 15:00,67.51,83.57,108.8
06/10/2023 15:30,67.51,80.81,101
06/10/2023 16:00,85.66,85.1,118
06/10/2023 16:30,85.66,94.51,118.8
06/10/2023 17:00,95.7,98.23,104.58
06/10/2023 17:30,95.7,101.71,105.14
06/10/2023 18:00,94.77,91.43,101
06/10/2023 18:30,94.77,89.82,48
06/10/2023 19:00,75.03,81.17,48
06/10/2023 19:30,75.03,70.51,46.26
06/10/2023 20:00,70.02,81.05,118
06/10/2023 20:30,70.02,73.65,46.26
06/10/2023 21:00,69.1,75.17,48
06/10/2023 21:30,69.1,62.99,46.26
06/10/2023 22:00,59.94,48.26,47.3
06/10/2023 22:30,59.94,40.21,49.31
06/10/2023 23:00,37.5,40.94,35.29
06/10/2023 23:30,37.5,33.44,32.81
07/10/2023 00:00,18.85,14.4,13.44
07/10/2023 00:30,18.85,14.48,12.29
07/10/2023 01:00,7.53,25.33,44.42
07/10/2023 01:30,7.53,24.36,42.43
07/10/2023 02:00,5.25,21.1,20.76
07/10/2023 02:30,5.25,19.33,30.38
07/10/2023 03:00,13.69,27.99,99
07/10/2023 03:30,13.69,34.07,99
07/10/2023 04:00,36.68,50.76,42
07/10/2023 04:30,36.68,56.58,34.4
07/10/2023 05:00,60.52,51.21,0
07/10/2023 05:30,60.52,60.09,5.87
07/10/2023 06:00,64.98,47.29,66.28
07/10/2023 06:30,64.98,72.59,99
07/10/2023 07:00,64.98,37.36,95
07/10/2023 07:30,64.98,68.84,99
07/10/2023 08:00,63.84,40.53,5
07/10/2023 08:30,63.84,16.08,0
07/10/2023 09:00,57.5,9.62,97
07/10/2023 09:30,57.5,6.65,5.87
07/10/2023 10:00,44.41,2.26,5.88
07/10/2023 10:30,44.41,0.3,5.87
07/10/2023 11:00,43.53,-0.66,94
07/10/2023 11:30,43.53,4.47,94
07/10/2023 12:00,34.98,13.14,-13.5
07/10/2023 12:30,34.98,7.9,94
07/10/2023 13:00,34.91,11.8,11.8
07/10/2023 13:30,34.91,10.89,9.32
07/10/2023 14:00,55.01,57.79,40.66
07/10/2023 14:30,55.01,61.91,40.08
07/10/2023 15:00,63.77,64.44,20
07/10/2023 15:30,63.77,47.91,20
07/10/2023 16:00,80.46,80.78,83.19
07/10/2023 16:30,80.46,95.73,120
07/10/2023 17:00,97.46,94.74,96.12
07/10/2023 17:30,97.46,101.71,102.02
07/10/2023 18:00,88.6,99.34,120
07/10/2023 18:30,88.6,103.78,120
07/10/2023 19:00,69.91,96.1,119.5
07/10/2023 19:30,69.91,93.43,119.5
07/10/2023 20:00,64.59,95.55,92.52
07/10/2023 20:30,64.59,87.59,30
07/10/2023 21:00,64.69,79.32,21.1
07/10/2023 21:30,64.69,90.45,107
07/10/2023 22:00,82.88,94.07,46.35
07/10/2023 22:30,82.88,94.58,94.58
07/10/2023 23:00,76.28,83.78,30
07/10/2023 23:30,76.28,74.48,31
08/10/2023 00:00,74.17,70.58,105.43
08/10/2023 00:30,74.17,73.95,106.5
08/10/2023 01:00,74.56,75.91,109
08/10/2023 01:30,74.56,78.52,109
08/10/2023 02:00,72.1,85.62,110
08/10/2023 02:30,72.1,92.82,92.82
08/10/2023 03:00,72.03,94.85,94.85
08/10/2023 03:30,72.03,94.57,36.4
08/10/2023 04:00,77.3,100.4,30
08/10/2023 04:30,77.3,89.19,30
08/10/2023 05:00,85.2,103.42,134
08/10/2023 05:30,85.2,75.03,5
08/10/2023 06:00,81.46,64.59,-54.97
08/10/2023 06:30,81.46,99.97,26
08/10/2023 07:00,81.62,82.38,26
08/10/2023 07:30,81.62,101.18,122
08/10/2023 08:00,72.59,56.52,127.8
08/10/2023 08:30,72.59,81.49,128
08/10/2023 09:00,73.09,84.85,97
08/10/2023 09:30,73.09,88.41,97
08/10/2023 10:00,70.23,85.09,-34.1
08/10/2023 10:30,70.23,75.14,-34.1
08/10/2023 11:00,70.23,82.03,30
08/10/2023 11:30,70.23,76.94,30
08/10/2023 12:00,63.08,76.48,97
08/10/2023 12:30,63.08,78.47,97
08/10/2023 13:00,63.82,83.22,31.5
08/10/2023 13:30,63.82,75.31,31.5
08/10/2023 14:00,75.21,82.74,82.41
08/10/2023 14:30,75.21,86.16,45
08/10/2023 15:00,87,96.65,87.17
08/10/2023 15:30,87,92.26,87.17
08/10/2023 16:00,108.49,116.37,124.89
08/10/2023 16:30,108.49,120.1,123.52
08/10/2023 17:00,118.4,124.93,137.9
08/10/2023 17:30,118.4,124.22,139.03
08/10/2023 18:00,114.44,113.48,120.27
08/10/2023 18:30,114.44,109.98,119.44
08/10/2023 19:00,90.7,113.66,104.14
08/10/2023 19:30,90.7,92.37,46
08/10/2023 20:00,80.01,97.55,101.81
08/10/2023 20:30,80.01,90.14,100.49
08/10/2023 21:00,80.04,83.79,97.28
08/10/2023 21:30,80.04,83.74,97.28
08/10/2023 22:00,74.47,94.22,120
08/10/2023 22:30,74.47,93.05,120
08/10/2023 23:00,72.01,91.13,120
08/10/2023 23:30,72.01,93.86,119.71
09/10/2023 00:00,69.94,77.94,47.05
09/10/2023 00:30,69.94,86.28,91
09/10/2023 01:00,69.4,77.61,91
09/10/2023 01:30,69.4,77.52,47
09/10/2023 02:00,67.62,73.01,47.05
09/10/2023 02:30,67.62,72.67,47.1
09/10/2023 03:00,77.83,82.69,119.99
09/10/2023 03:30,77.83,80.88,91
09/10/2023 04:00,89.85,96,98.84
09/10/2023 04:30,89.85,84.05,109.58
09/10/2023 05:00,97.07,93.14,47.15
09/10/2023 05:30,97.07,85.35,46
09/10/2023 06:00,99.99,78.63,47
09/10/2023 06:30,99.99,101.23,48.05
09/10/2023 07:00,102.43,81.74,48.07
09/10/2023 07:30,102.43,89.77,48.1
09/10/2023 08:00,98.76,84.46,50.1
09/10/2023 08:30,98.76,79.62,50.2
09/10/2023 09:00,91.16,77.47,50.2
09/10/2023 09:30,91.16,78.75,96.68
09/10/2023 10:00,87.35,79.18,133
09/10/2023 10:30,87.35,80.71,133
09/10/2023 11:00,87.06,88.44,51.5
09/10/2023 11:30,87.06,85.46,53
09/10/2023 12:00,86.54,78.71,51
09/10/2023 12:30,86.54,76.76,53.5
09/10/2023 13:00,84,78.01,54.01
09/10/2023 13:30,84,78.27,122
09/10/2023 14:00,91.66,98.4,145
09/10/2023 14:30,91.66,113.54,139
09/10/2023 15:00,107.05,107.69,56.8
09/10/2023 15:30,107.05,117.45,117.72
09/10/2023 16:00,147.7,141.97,75
09/10/2023 16:30,147.7,146.27,169.99
09/10/2023 17:00,184.24,161.28,200.1
09/10/2023 17:30,184.24,163.76,201.91
09/10/2023 18:00,149.97,139.64,165.3
09/10/2023 18:30,149.97,127.5,76
09/10/2023 19:00,113.15,116.99,121.11
09/10/2023 19:30,113.15,98.85,117.62
09/10/2023 20:00,96.07,100.4,76
09/10/2023 20:30,96.07,86.22,61.51
09/10/2023 21:00,82.8,95.82,76
09/10/2023 21:30,82.8,92.27,62.01
09/10/2023 22:00,94.6,89.82,115
09/10/2023 22:30,94.6,88.79,115
09/10/2023 23:00,87.82,90.1,118
09/10/2023 23:30,87.82,89.55,115
10/10/2023 00:00,83.39,93.6,118
10/10/2023 00:30,83.39,88.68,115
10/10/2023 01:00,76.52,85.05,62.05
10/10/2023 01:30,76.52,75.81,62
10/10/2023 02:00,74.55,79.15,110
10/10/2023 02:30,74.55,77.82,115
10/10/2023 03:00,70.56,86.52,115
10/10/2023 03:30,70.56,87.2,115
10/10/2023 04:00,65.56,95.52,99
10/10/2023 04:30,65.56,89.37,109
10/10/2023 05:00,82.44,97.85,109
10/10/2023 05:30,82.44,102.72,120
10/10/2023 06:00,119.92,116.48,124
10/10/2023 06:30,119.92,126.61,135
10/10/2023 07:00,108.92,117.39,132
10/10/2023 07:30,108.92,114.47,133.4
10/10/2023 08:00,89.93,113.59,118
10/10/2023 08:30,89.93,109.2,118
10/10/2023 09:00,79.15,95.97,49
10/10/2023 09:30,79.15,90.16,90.16
10/10/2023 10:00,75.86,93.39,117.5
10/10/2023 10:30,75.86,95.14,117
10/10/2023 11:00,68.22,88.77,110
10/10/2023 11:30,68.22,82.4,115.75
10/10/2023 12:00,67.28,74.46,115
10/10/2023 12:30,67.28,68.57,110
10/10/2023 13:00,67.25,92.95,115
10/10/2023 13:30,67.25,82.48,109
10/10/2023 14:00,71.38,92.03,6.9
10/10/2023 14:30,71.38,85.13,6.9
10/10/2023 15:00,75.91,76.29,42
10/10/2023 15:30,75.91,84.68,49
10/10/2023 16:00,102.07,103.44,0
10/10/2023 16:30,102.07,101.05,34.88
10/10/2023 17:00,113.05,98.45,50
10/10/2023 17:30,113.05,100.68,125
10/10/2023 18:00,106.55,101.38,134
10/10/2023 18:30,106.55,100.81,134
10/10/2023 19:00,85.02,91.56,96.9
10/10/2023 19:30,85.02,84.58,96.43
10/10/2023 20:00,80.04,85.7,129
10/10/2023 20:30,80.04,69.74,129
10/10/2023 21:00,59.94,71.31,123
10/10/2023 21:30,59.94,71.84,129
10/10/2023 22:00,50.01,72.77,132.9
10/10/2023 22:30,50.01,54.83,127
10/10/2023 23:00,29.93,47.87,47.87
10/10/2023 23:30,29.93,20.01,-34.1
11/10/2023 00:00,8.84,-5.04,-61.04
11/10/2023 00:30,8.84,-4.99,-61.04
11/10/2023 01:00,0.95,8.19,120
11/10/2023 01:30,0.95,-8.42,-61.04
11/10/2023 02:00,1.83,7.5,-61.04
11/10/2023 02:30,1.83,-10.62,-10.62
11/10/2023 03:00,1.02,-11.42,-61.04
11/10/2023 03:30,1.02,-4.87,-61.04
11/10/2023 04:00,39.97,19.19,-0.77
11/10/2023 04:30,39.97,69.08,129
11/10/2023 05:00,89.92,70.89,126.95
11/10/2023 05:30,89.92,77.64,-39.9
11/10/2023 06:00,101.27,59.9,-28.55
11/10/2023 06:30,101.27,101.62,132
11/10/2023 07:00,103,102.95,132
11/10/2023 07:30,103,113.49,132
11/10/2023 08:00,84.14,107.71,129
11/10/2023 08:30,84.14,107.13,128.5
11/10/2023 09:00,80.06,98.56,124
11/10/2023 09:30,80.06,100.74,124
11/10/2023 10:00,80.09,105.42,125
11/10/2023 10:30,80.09,111.26,125
11/10/2023 11:00,92.97,112.77,124
11/10/2023 11:30,92.97,114.76,128.5
11/10/2023 12:00,93.02,117.5,129
11/10/2023 12:30,93.02,118.06,129
11/10/2023 13:00,94.39,118.9,129
11/10/2023 13:30,94.39,121.94,140
11/10/2023 14:00,84.87,121.77,129
11/10/2023 14:30,84.87,121.44,140
11/10/2023 15:00,87.13,126.83,148
11/10/2023 15:30,87.13,131,148
11/10/2023 16:00,109.38,138.85,153.5
11/10/2023 16:30,109.38,142.32,154.9
11/10/2023 17:00,123.91,142.72,154.9
11/10/2023 17:30,123.91,143.94,153.5
11/10/2023 18:00,115.93,123.66,154
11/10/2023 18:30,115.93,117.31,145
11/10/2023 19:00,92,121.59,145
11/10/2023 19:30,92,117.6,145
11/10/2023 20:00,87.68,124.05,154.9
11/10/2023 20:30,87.68,125.33,140
11/10/2023 21:00,81.25,121.92,127
11/10/2023 21:30,81.25,108.42,50.11
11/10/2023 22:00,92.48,87.33,50.11
11/10/2023 22:30,92.48,82.81,50.5
11/10/2023 23:00,91.24,74.16,50.5
11/10/2023 23:30,91.24,98.85,140
12/10/2023 00:00,99.06,92.86,123.7
12/10/2023 00:30,99.06,94.45,130
12/10/2023 01:00,93.21,100.17,130
12/10/2023 01:30,93.21,98.81,130
12/10/2023 02:00,93.69,105.43,150
12/10/2023 02:30,93.69,104.24,150
12/10/2023 03:00,96.07,132.18,154.9
12/10/2023 03:30,96.07,105.52,130
12/10/2023 04:00,103.59,118.72,149
12/10/2023 04:30,103.59,94.8,51.33
12/10/2023 05:00,109.91,107.15,149
12/10/2023 05:30,109.91,122.64,53
12/10/2023 06:00,130.01,111.52,146.13
12/10/2023 06:30,130.01,137.45,149
12/10/2023 07:00,127,126.15,159
12/10/2023 07:30,127,125.29,149
12/10/2023 08:00,115.65,120.78,149
12/10/2023 08:30,115.65,110.45,149
12/10/2023 09:00,108.08,107.35,148
12/10/2023 09:30,108.08,97.62,56.1
12/10/2023 10:00,104.02,100.43,56.2
12/10/2023 10:30,104.02,100.43,56.2
12/10/2023 11:00,99.7,91.13,56.25
12/10/2023 11:30,99.7,85.37,85.37
12/10/2023 12:00,97.5,93.04,93.04
12/10/2023 12:30,97.5,83.39,62.45
12/10/2023 13:00,94.44,95.24,91.48
12/10/2023 13:30,94.44,89.09,57.7
12/10/2023 14:00,101.26,107.77,103
12/10/2023 14:30,101.26,109.02,57.7
12/10/2023 15:00,118.4,119.35,58
12/10/2023 15:30,118.4,122.07,57
12/10/2023 16:00,146.01,138.58,49.5
12/10/2023 16:30,146.01,128.89,0
12/10/2023 17:00,170.67,159.08,58
12/10/2023 17:30,170.67,160.95,0
12/10/2023 18:00,144.18,129.58,0
12/10/2023 18:30,144.18,122.78,58.54
12/10/2023 19:00,110.26,120.31,60
12/10/2023 19:30,110.26,119.32,58
12/10/2023 20:00,103.94,121.61,58
12/10/2023 20:30,103.94,117.72,37
12/10/2023 21:00,98.06,117.55,135
12/10/2023 21:30,98.06,114.22,135
12/10/2023 22:00,105.46,86.2,43
12/10/2023 22:30,105.46,104.08,133
12/10/2023 23:00,100.55,98.28,64.56
12/10/2023 23:30,100.55,96.51,60.3
13/10/2023 00:00,95.29,95.77,60.3
13/10/2023 00:30,95.29,97.98,133
13/10/2023 01:00,86.66,100.42,133
13/10/2023 01:30,86.66,97.92,138
13/10/2023 02:00,81.86,102.57,130
13/10/2023 02:30,81.86,90.43,133
13/10/2023 03:00,67.61,103.78,149
13/10/2023 03:30,67.61,104.08,149
13/10/2023 04:00,79.4,112.27,67.14
13/10/2023 04:30,79.4,106.74,50
13/10/2023 05:00,108.06,102.47,52
13/10/2023 05:30,108.06,133.49,139
13/10/2023 06:00,121.84,117.78,133
13/10/2023 06:30,121.84,132.12,149
13/10/2023 07:00,130.6,139.17,140
13/10/2023 07:30,130.6,124.24,149
13/10/2023 08:00,122.49,128.62,159
13/10/2023 08:30,122.49,131.86,160
13/10/2023 09:00,92.01,128.65,144
13/10/2023 09:30,92.01,121.33,142
13/10/2023 10:00,84.01,104.69,-6.07
13/10/2023 10:30,84.01,75.46,0
13/10/2023 11:00,54.21,69.97,27
13/10/2023 11:30,54.21,65.45,-16.9
13/10/2023 12:00,31.92,44.37,27.6
13/10/2023 12:30,31.92,41.17,29.33
13/10/2023 13:00,16.41,42.21,142
13/10/2023 13:30,16.41,45.03,142.22
13/10/2023 14:00,40.01,67.83,33.97
13/10/2023 14:30,40.01,69.8,142
13/10/2023 15:00,56.14,66.85,66.85
13/10/2023 15:30,56.14,79.94,0
13/10/2023 16:00,80.09,72.38,0
13/10/2023 16:30,80.09,62.97,159
13/10/2023 17:00,97.74,97.94,159
13/10/2023 17:30,97.74,108.5,159
13/10/2023 18:00,96.42,80.93,159
13/10/2023 18:30,96.42,54.82,30
13/10/2023 19:00,51.98,62.14,158
13/10/2023 19:30,51.98,37.8,-26.61
13/10/2023 20:00,18.47,26.2,-61.04
13/10/2023 20:30,18.47,4.94,-61.04
13/10/2023 21:00,6.19,25.78,25.78
13/10/2023 21:30,6.19,9.24,9.24
13/10/2023 22:00,-0.29,14.47,-61.04
13/10/2023 22:30,-0.29,-7.11,-61.04
13/10/2023 23:00,-3.9,13.58,-3.55
13/10/2023 23:30,-3.9,6.58,-4.13
14/10/2023 00:00,-3.91,1.44,-4.8
14/10/2023 00:30,-3.91,0.36,-4.22
14/10/2023 01:00,-3.91,2.02,-2.66
14/10/2023 01:30,-3.91,-2.46,-3.42
14/10/2023 02:00,-3.91,-5.97,-2.59
14/10/2023 02:30,-3.91,-3.09,-2.59
14/10/2023 03:00,-3.91,-3.46,-4.27
14/10/2023 03:30,-3.91,-4.53,-5.87
14/10/2023 04:00,-0.54,-4.63,-2.11
14/10/2023 04:30,-0.54,-1.69,-50
14/10/2023 05:00,6.02,-17.58,-61.04
14/10/2023 05:30,6.02,-2.21,-57.31
14/10/2023 06:00,30.85,3.9,-61.04
14/10/2023 06:30,30.85,10.82,0.5
14/10/2023 07:00,46.37,-4.46,22.63
14/10/2023 07:30,46.37,14.88,24.5
14/10/2023 08:00,25.23,39.94,142
14/10/2023 08:30,25.23,24.84,16.85
14/10/2023 09:00,7.54,29.82,16
14/10/2023 09:30,7.54,8.32,15.37
14/10/2023 10:00,0.05,35.17,145
14/10/2023 10:30,0.05,37.93,39.57
14/10/2023 11:00,-0.01,10.28,6.19
14/10/2023 11:30,-0.01,8.18,-26.61
14/10/2023 12:00,-0.51,-0.23,-2.61
14/10/2023 12:30,-0.51,0.13,-3.63
14/10/2023 13:00,-0.01,33.86,56.1
14/10/2023 13:30,-0.01,27.31,-2.53
14/10/2023 14:00,1.73,56.83,158
14/10/2023 14:30,1.73,81.95,158
14/10/2023 15:00,50.76,70.8,0
14/10/2023 15:30,50.76,85.7,0
14/10/2023 16:00,100.75,77.83,0.5
14/10/2023 16:30,100.75,122.7,163
14/10/2023 17:00,152.78,132.22,168
14/10/2023 17:30,152.78,139.5,169
14/10/2023 18:00,153.76,144.08,163
14/10/2023 18:30,153.76,111.23,43
14/10/2023 19:00,106.99,99.4,0.5
14/10/2023 19:30,106.99,65.76,0
14/10/2023 20:00,84.93,54.38,0.5
14/10/2023 20:30,84.93,49.26,165
14/10/2023 21:00,65.05,98.18,163
14/10/2023 21:30,65.05,81.65,0
14/10/2023 22:00,52,37.07,-2.21
14/10/2023 22:30,52,18.77,11.78
14/10/2023 23:00,21.29,12.12,1
14/10/2023 23:30,21.29,5.28,2.18
15/10/2023 00:00,11.56,5.96,-3.69
15/10/2023 00:30,11.56,6.33,-4.05
15/10/2023 01:00,4.85,6.65,-7.54
15/10/2023 01:30,4.85,3.4,-8.8
15/10/2023 02:00,3.57,2.88,-1.68
15/10/2023 02:30,3.57,3.13,-2.93
15/10/2023 03:00,1.37,3.48,-0.35
15/10/2023 03:30,1.37,4.11,0.84
15/10/2023 04:00,8.75,-0.53,1.68
15/10/2023 04:30,8.75,5.05,2.47
15/10/2023 05:00,25,11.73,15.3
15/10/2023 05:30,25,21.36,17.18
15/10/2023 06:00,40.57,23.09,28.19
15/10/2023 06:30,40.57,34.64,33.7
15/10/2023 07:00,76.88,34.76,0.5
15/10/2023 07:30,76.88,102.81,150
15/10/2023 08:00,99.95,117.14,0.5
15/10/2023 08:30,99.95,104.09,0.5
15/10/2023 09:00,97.64,84.1,0
15/10/2023 09:30,97.64,73.56,0
15/10/2023 10:00,84.08,46.29,-25
15/10/2023 10:30,84.08,36.8,-45.87
15/10/2023 11:00,94.13,36.07,-25
15/10/2023 11:30,94.13,33.4,0
15/10/2023 12:00,96.4,27.03,0.5
15/10/2023 12:30,96.4,37.77,0.5
15/10/2023 13:00,79.94,50.45,0.5
15/10/2023 13:30,79.94,65.87,2.81
15/10/2023 14:00,75.22,85.85,150
15/10/2023 14:30,75.22,115.32,162
15/10/2023 15:00,110.01,118.1,168
15/10/2023 15:30,110.01,120.6,200
15/10/2023 16:00,133.46,140.4,197
15/10/2023 16:30,133.46,159.51,207
15/10/2023 17:00,157.33,168.12,240
15/10/2023 17:30,157.33,181.78,280
15/10/2023 18:00,159.21,207.22,242
15/10/2023 18:30,159.21,202.61,209
15/10/2023 19:00,137,188.47,162
15/10/2023 19:30,137,158.69,162
15/10/2023 20:00,111.23,141.08,162
15/10/2023 20:30,111.23,127.97,35
15/10/2023 21:00,104.89,131.99,188.33
15/10/2023 21:30,104.89,99.17,170
15/10/2023 22:00,104.05,110.82,195
15/10/2023 22:30,104.05,102.93,195
15/10/2023 23:00,102.06,109.54,170
15/10/2023 23:30,102.06,118.04,118.04
16/10/2023 00:00,101.01,100.74,40
16/10/2023 00:30,101.01,111.58,160
16/10/2023 01:00,101.12,117.35,160
16/10/2023 01:30,101.12,111.1,160
16/10/2023 02:00,96.54,107.54,35.78
16/10/2023 02:30,96.54,106.54,160
16/10/2023 03:00,104.05,109.28,35
16/10/2023 03:30,104.05,78.59,35
16/10/2023 04:00,124.1,94.91,30
16/10/2023 04:30,124.1,91.67,30
16/10/2023 05:00,132.53,107.82,144.37
16/10/2023 05:30,132.53,124.36,147.7
16/10/2023 06:00,155.26,134.14,164
16/10/2023 06:30,155.26,161.46,178.8
16/10/2023 07:00,152.03,142.6,186.09
16/10/2023 07:30,152.03,146.85,159
16/10/2023 08:00,147.52,153.94,189.5
16/10/2023 08:30,147.52,149.24,183.36
16/10/2023 09:00,120.24,145.06,169
16/10/2023 09:30,120.24,128.7,169
16/10/2023 10:00,111.14,102.56,169
16/10/2023 10:30,111.14,116.24,159
16/10/2023 11:00,104.6,114.46,168
16/10/2023 11:30,104.6,111.18,159
16/10/2023 12:00,103.52,105.79,159
16/10/2023 12:30,103.52,104.74,159
16/10/2023 13:00,108.6,108.33,150
16/10/2023 13:30,108.6,110.51,101.92
16/10/2023 14:00,115.1,139.51,51.75
16/10/2023 14:30,115.1,138.14,51
16/10/2023 15:00,149.83,137.05,52.2
16/10/2023 15:30,149.83,152.73,163.97
16/10/2023 16:00,203.11,161.74,70
16/10/2023 16:30,203.11,179.94,52.3
16/10/2023 17:00,241.19,185.29,53.2
16/10/2023 17:30,241.19,,286
16/10/2023 18:00,179.08,,310
16/10/2023 18:30,179.08,,148.48
16/10/2023 19:00,143.15,119.71,132.84
16/10/2023 19:30,143.15,98.65,130.34
16/10/2023 20:00,124.95,112.37,121.94
16/10/2023 20:30,124.95,90.83,53.2
16/10/2023 21:00,107.21,,53.2
16/10/2023 21:30,107.21,91.95,105.89
16/10/2023 22:00,115.12,85.7,129
16/10/2023 22:30,115.12,107.88,129
16/10/2023 23:00,107.02,120.6,129
16/10/2023 23:30,107.02,98.19,138
17/10/2023 00:00,102.6,93.76,134
17/10/2023 00:30,102.6,100.43,100.43
17/10/2023 01:00,100.08,97.67,97.67
17/10/2023 01:30,100.08,92.94,92.94
17/10/2023 02:00,97.07,97.34,97.34
17/10/2023 02:30,97.07,91.83,55.02
17/10/2023 03:00,97.6,90.84,55.02
17/10/2023 03:30,97.6,86.69,55.02
17/10/2023 04:00,110.5,99.05,55.01
17/10/2023 04:30,110.5,79.06,55.5
17/10/2023 05:00,125.56,90.58,56
17/10/2023 05:30,125.56,112.56,56.25
17/10/2023 06:00,156.09,126.77,158
17/10/2023 06:30,156.09,146.48,160
17/10/2023 07:00,141,122.53,56.65
17/10/2023 07:30,141,116.85,145
17/10/2023 08:00,120.51,104.16,145
17/10/2023 08:30,120.51,100.84,145
17/10/2023 09:00,106.85,109.37,58
17/10/2023 09:30,106.85,98.73,60
17/10/2023 10:00,102.61,75.75,60
17/10/2023 10:30,102.61,73.89,60
17/10/2023 11:00,97.97,65.52,60
17/10/2023 11:30,97.97,54.47,48.1
17/10/2023 12:00,94.51,45.44,45.1
17/10/2023 12:30,94.51,38.53,0
17/10/2023 13:00,94.53,34.74,0
17/10/2023 13:30,94.53,35.58,45.1
17/10/2023 14:00,97.96,50.41,45.1
17/10/2023 14:30,97.96,59.89,48.25
17/10/2023 15:00,114.97,70.51,62.2
17/10/2023 15:30,114.97,88.51,62.2
17/10/2023 16:00,138.48,92.63,62.2
17/10/2023 16:30,138.48,101.06,140
17/10/2023 17:00,148.11,114.15,145.95
17/10/2023 17:30,148.11,115.94,145.95
17/10/2023 18:00,132.88,103.07,140
17/10/2023 18:30,132.88,99.2,140
17/10/2023 19:00,111.97,94.82,140
17/10/2023 19:30,111.97,90.78,56.01
17/10/2023 20:00,100.01,84.69,140
17/10/2023 20:30,100.01,68.79,145.5
17/10/2023 21:00,77.39,74.23,74.23
17/10/2023 21:30,77.39,48.69,48.69
17/10/2023 22:00,66.01,55.53,55.53
17/10/2023 22:30,66.01,48.54,46.09
17/10/2023 23:00,34.52,51.23,89.7
17/10/2023 23:30,34.52,43.19,29.33
18/10/2023 00:00,24.18,40.29,40.29
18/10/2023 00:30,24.18,37.93,130
18/10/2023 01:00,13.06,50.16,130
18/10/2023 01:30,13.06,34.58,69.03
18/10/2023 02:00,1.72,27.45,60.1
18/10/2023 02:30,1.72,23.69,-14.19
18/10/2023 03:00,3.92,8.38,-14
18/10/2023 03:30,3.92,31.73,130
18/10/2023 04:00,32.2,53.62,-26.61
18/10/2023 04:30,32.2,81.74,130
18/10/2023 05:00,83.01,51.25,125
18/10/2023 05:30,83.01,94.42,129
18/10/2023 06:00,108.14,84.06,129
18/10/2023 06:30,108.14,123.45,135
18/10/2023 07:00,102.51,104.67,135
18/10/2023 07:30,102.51,110.21,133.72
18/10/2023 08:00,90.14,96.03,130
18/10/2023 08:30,90.14,82.31,130
18/10/2023 09:00,79.87,102.07,131
18/10/2023 09:30,79.87,91.02,130
18/10/2023 10:00,72.57,76.01,125
18/10/2023 10:30,72.57,73.18,0
18/10/2023 11:00,65.38,53.68,0
18/10/2023 11:30,65.38,54.62,124
18/10/2023 12:00,58.96,70.01,130
18/10/2023 12:30,58.96,69.22,129.9
18/10/2023 13:00,63,78.57,139
18/10/2023 13:30,63,86.63,139.6
18/10/2023 14:00,67.53,86.25,139
18/10/2023 14:30,67.53,103.52,139
18/10/2023 15:00,85,106.66,139
18/10/2023 15:30,85,118.18,139
18/10/2023 16:00,103.26,111.27,139
18/10/2023 16:30,103.26,123.59,139.6
18/10/2023 17:00,113.01,121.17,139.6
18/10/2023 17:30,113.01,125.07,139.6
18/10/2023 18:00,114.99,120.7,139
18/10/2023 18:30,114.99,113.45,139.6
18/10/2023 19:00,74.09,107.87,139.6
18/10/2023 19:30,74.09,73.04,135
18/10/2023 20:00,59.11,107.28,135
18/10/2023 20:30,59.11,52.17,52.17
18/10/2023 21:00,34.2,84.55,125
18/10/2023 21:30,34.2,49.16,125
18/10/2023 22:00,11.3,78.85,135
18/10/2023 22:30,11.3,36.34,129.6
18/10/2023 23:00,0.07,40.17,129.5
18/10/2023 23:30,0.07,21.4,21.4
19/10/2023 00:00,-0.2,2.45,1.59
19/10/2023 00:30,-0.2,29.97,125
19/10/2023 01:00,-0.46,24.78,81.9
19/10/2023 01:30,-0.46,10.46,-1.68
19/10/2023 02:00,-0.21,24.21,125
19/10/2023 02:30,-0.21,31.79,125
19/10/2023 03:00,-0.09,33.86,129.6
19/10/2023 03:30,-0.09,45.49,135
19/10/2023 04:00,41.58,79.88,133
19/10/2023 04:30,41.58,84.27,127.4
19/10/2023 05:00,81.49,72.01,127.4
19/10/2023 05:30,81.49,95.81,134
19/10/2023 06:00,99,94.32,134
19/10/2023 06:30,99,104.57,134
19/10/2023 07:00,108.83,106.84,134
19/10/2023 07:30,108.83,118.1,125
19/10/2023 08:00,107.99,98.33,125
19/10/2023 08:30,107.99,94.72,125
19/10/2023 09:00,100.58,108.38,125
19/10/2023 09:30,100.58,109.15,125
19/10/2023 10:00,99.57,93.95,0
19/10/2023 10:30,99.57,88.2,129
19/10/2023 11:00,95.05,104.54,129
19/10/2023 11:30,95.05,104.69,124
19/10/2023 12:00,90.04,105.07,124
19/10/2023 12:30,90.04,104.67,32
19/10/2023 13:00,88.36,110.43,31.16
19/10/2023 13:30,88.36,104.65,145
19/10/2023 14:00,95.02,100.38,27
19/10/2023 14:30,95.02,109.64,10
19/10/2023 15:00,107.2,100.17,32.5
19/10/2023 15:30,107.2,110.43,124.18
19/10/2023 16:00,127.13,124.38,145
19/10/2023 16:30,127.13,128.13,145
19/10/2023 17:00,128.47,126.26,147.9
19/10/2023 17:30,128.47,130.88,147.9
19/10/2023 18:00,114.9,130.26,147.9
19/10/2023 18:30,114.9,127.84,147.9
19/10/2023 19:00,93.87,125.59,145
19/10/2023 19:30,93.87,120.77,31
19/10/2023 20:00,94.9,103.57,5
19/10/2023 20:30,94.9,106.41,0
19/10/2023 21:00,82.58,89.97,31
19/10/2023 21:30,82.58,86.31,42
19/10/2023 22:00,72.04,75.61,98.49
19/10/2023 22:30,72.04,41.48,0
19/10/2023 23:00,45.72,64.34,-24.5
19/10/2023 23:30,45.72,16.14,-61.04
20/10/2023 00:00,30.5,0.04,-61.04
20/10/2023 00:30,30.5,0.33,-21.53
20/10/2023 01:00,12.87,33.67,124.9
20/10/2023 01:30,12.87,14.95,5
20/10/2023 02:00,8.08,31.08,121
20/10/2023 02:30,8.08,15.44,60
20/10/2023 03:00,15,38.26,38.26
20/10/2023 03:30,15,33.72,33.72
20/10/2023 04:00,42.16,71.6,0
20/10/2023 04:30,42.16,80.3,4.25
20/10/2023 05:00,79.12,81.98,107.13
20/10/2023 05:30,79.12,96.88,115
20/10/2023 06:00,97.48,83.81,136
20/10/2023 06:30,97.48,119.7,136
20/10/2023 07:00,97.31,112.19,136
20/10/2023 07:30,97.31,117.38,133.6
20/10/2023 08:00,98.62,115.06,115.06
20/10/2023 08:30,98.62,108.25,129
20/10/2023 09:00,95.5,106.76,106.76
20/10/2023 09:30,95.5,108.64,100
20/10/2023 10:00,93.07,94.81,127.9
20/10/2023 10:30,93.07,89.47,127.9
20/10/2023 11:00,95.07,97.05,128
20/10/2023 11:30,95.07,99.73,127.9
20/10/2023 12:00,85.97,93.93,121
20/10/2023 12:30,85.97,88.09,121
20/10/2023 13:00,80.93,90.57,121
20/10/2023 13:30,80.93,83.26,121
20/10/2023 14:00,79.43,82.43,124.56
20/10/2023 14:30,79.43,86.36,130.56
20/10/2023 15:00,93.86,89.89,130.56
20/10/2023 15:30,93.86,93.07,134.56
20/10/2023 16:00,105.86,106.66,137.56
20/10/2023 16:30,105.86,112.01,137.56
20/10/2023 17:00,112.89,120.29,137.56
20/10/2023 17:30,112.89,118.25,137.56
20/10/2023 18:00,106.28,112.49,134.56
20/10/2023 18:30,106.28,87.06,137.56
20/10/2023 19:00,84,93.06,134.56
20/10/2023 19:30,84,91.97,134.56
20/10/2023 20:00,76.98,94.98,129
20/10/2023 20:30,76.98,79.08,128.9
20/10/2023 21:00,50.53,74.02,126.9
20/10/2023 21:30,50.53,77.28,120.9
20/10/2023 22:00,58.95,55.19,125
20/10/2023 22:30,58.95,47.84,126.8
20/10/2023 23:00,40.95,65.86,125
20/10/2023 23:30,40.95,72.12,124.9
21/10/2023 00:00,30.01,66.72,100
21/10/2023 00:30,30.01,68.31,17.6
21/10/2023 01:00,25.38,57.56,10.23
21/10/2023 01:30,25.38,32.16,10.23
21/10/2023 02:00,17.73,25.15,124.8
21/10/2023 02:30,17.73,16.86,129
21/10/2023 03:00,14.99,30.76,129
21/10/2023 03:30,14.99,37.49,129
21/10/2023 04:00,38,36.41,129
21/10/2023 04:30,38,51.46,124.8
21/10/2023 05:00,61.75,35.59,33.81
21/10/2023 05:30,61.75,47.38,33.81
21/10/2023 06:00,69.8,45.64,10
21/10/2023 06:30,69.8,85.09,129
21/10/2023 07:00,94.99,109.93,129
21/10/2023 07:30,94.99,110.74,129
21/10/2023 08:00,91.59,118.08,128.9
21/10/2023 08:30,91.59,120.3,128.9
21/10/2023 09:00,110.54,120.64,128.9
21/10/2023 09:30,110.54,119.17,128.9
21/10/2023 10:00,99.78,120.16,128.9
21/10/2023 10:30,99.78,120.33,128.9
21/10/2023 11:00,103.56,121.27,128.9
21/10/2023 11:30,103.56,119.29,128.9
21/10/2023 12:00,96.76,100.57,126.9
21/10/2023 12:30,96.76,92.37,126.9
21/10/2023 13:00,86.31,92.23,126.9
21/10/2023 13:30,86.31,97.99,126.5
21/10/2023 14:00,106.97,98.04,126.5
21/10/2023 14:30,106.97,103.01,127.09
21/10/2023 15:00,106.25,100.01,128.9
21/10/2023 15:30,106.25,104.94,128.5
21/10/2023 16:00,111.33,113.53,128.5
21/10/2023 16:30,111.33,123.14,128.5
21/10/2023 17:00,125.02,135.03,128.5
21/10/2023 17:30,125.02,134.76,129
21/10/2023 18:00,129.42,134.85,128.5
21/10/2023 18:30,129.42,127.46,129
21/10/2023 19:00,97.72,120.58,174
21/10/2023 19:30,97.72,110.46,175
21/10/2023 20:00,101.51,110.51,165
21/10/2023 20:30,101.51,112.99,129
21/10/2023 21:00,109.63,105.81,127
21/10/2023 21:30,109.63,96.44,125
21/10/2023 22:00,94.54,112.46,129
21/10/2023 22:30,94.54,124.15,100
21/10/2023 23:00,65.97,116.33,148
21/10/2023 23:30,65.97,110.11,129
22/10/2023 00:00,59.13,105.54,129
22/10/2023 00:30,59.13,114.49,129
22/10/2023 01:00,54.27,109.81,129
22/10/2023 01:30,54.27,107.71,129
22/10/2023 02:00,38.55,103.8,129
22/10/2023 02:30,38.55,115.92,129
22/10/2023 03:00,39,113.41,129
22/10/2023 03:30,39,111.37,129
22/10/2023 04:00,48.64,109.01,129
22/10/2023 04:30,48.64,114.61,100
22/10/2023 05:00,79.91,119.49,129
22/10/2023 05:30,79.91,110.8,47.36
22/10/2023 06:00,91.65,115.79,165
22/10/2023 06:30,91.65,122.41,165
22/10/2023 07:00,106.01,131.98,163
22/10/2023 07:30,106.01,132.83,165
22/10/2023 08:00,106.56,138.98,165
22/10/2023 08:30,106.56,142.5,165
22/10/2023 09:00,113.5,142.16,165
22/10/2023 09:30,113.5,141.69,165
22/10/2023 10:00,114,137.89,165
22/10/2023 10:30,114,127.92,75
22/10/2023 11:00,92.15,127.3,75
22/10/2023 11:30,92.15,123.03,133
22/10/2023 12:00,90.85,109.41,133
22/10/2023 12:30,90.85,112.18,133
22/10/2023 13:00,113.3,113.52,164
22/10/2023 13:30,113.3,116.65,154
22/10/2023 14:00,93.59,124.21,129
22/10/2023 14:30,93.59,121.3,139.9
22/10/2023 15:00,99.46,137.93,164
22/10/2023 15:30,99.46,147.59,170
22/10/2023 16:00,126.98,150.09,170
22/10/2023 16:30,126.98,159.49,190
22/10/2023 17:00,144.38,160.72,190
22/10/2023 17:30,144.38,167.46,190
22/10/2023 18:00,130.18,154.28,170
22/10/2023 18:30,130.18,142.74,170
22/10/2023 19:00,113.95,138.93,170
22/10/2023 19:30,113.95,127.12,145
22/10/2023 20:00,102.73,118.22,145
22/10/2023 20:30,102.73,115.35,145
22/10/2023 21:00,105.83,117.14,145
22/10/2023 21:30,105.83,107.37,136.9
22/10/2023 22:00,104.81,99.61,56.25
22/10/2023 22:30,104.81,96.96,150
22/10/2023 23:00,95.65,91.96,150
22/10/2023 23:30,95.65,94.39,100
23/10/2023 00:00,93.55,100.81,123
23/10/2023 00:30,93.55,101.09,122.66
23/10/2023 01:00,94.9,96.52,56.25
23/10/2023 01:30,94.9,105.05,145
23/10/2023 02:00,92.7,103.67,56.25
23/10/2023 02:30,92.7,90.67,56.5
23/10/2023 03:00,99.4,105.95,105.95
23/10/2023 03:30,99.4,87.75,56.25
23/10/2023 04:00,107.01,103.42,56.5
23/10/2023 04:30,107.01,78.4,56.25
23/10/2023 05:00,127.98,109.44,150
23/10/2023 05:30,127.98,134.52,150
23/10/2023 06:00,139.93,139.17,150
23/10/2023 06:30,139.93,144.37,150
23/10/2023 07:00,132.16,132.36,154
23/10/2023 07:30,132.16,135.15,158.04
23/10/2023 08:00,130.01,128.04,154
23/10/2023 08:30,130.01,121.89,154
23/10/2023 09:00,110.49,124.99,154
23/10/2023 09:30,110.49,111.78,80.43
23/10/2023 10:00,101.08,113.26,154
23/10/2023 10:30,101.08,109.67,154
23/10/2023 11:00,98.58,123.88,155
23/10/2023 11:30,98.58,121.51,154
23/10/2023 12:00,96.83,124.47,150
23/10/2023 12:30,96.83,114.71,154
23/10/2023 13:00,94.95,125.07,165
23/10/2023 13:30,94.95,125.27,165
23/10/2023 14:00,102.44,130.35,154
23/10/2023 14:30,102.44,132.15,185
23/10/2023 15:00,115,139.55,184
23/10/2023 15:30,115,141.34,167
23/10/2023 16:00,130.13,140.48,164.11
23/10/2023 16:30,130.13,144.22,169
23/10/2023 17:00,134.7,147.06,157.6
23/10/2023 17:30,134.7,143.39,155.71
23/10/2023 18:00,121.69,119.03,167
23/10/2023 18:30,121.69,108.73,134.36
23/10/2023 19:00,99.27,125.63,169
23/10/2023 19:30,99.27,125.27,168
23/10/2023 20:00,97.97,108.2,168
23/10/2023 20:30,97.97,116.44,168
23/10/2023 21:00,84.04,116.97,150
23/10/2023 21:30,84.04,109.05,150
23/10/2023 22:00,91.85,93.11,62.5
23/10/2023 22:30,91.85,95.36,62.5
23/10/2023 23:00,88.15,93.93,62.5
23/10/2023 23:30,88.15,84.09,67
24/10/2023 00:00,88.53,103.82,103.82
24/10/2023 00:30,88.53,102.02,150
24/10/2023 01:00,87.6,103.6,103.6
24/10/2023 01:30,87.6,110.64,110.64
24/10/2023 02:00,87.47,100.07,67
24/10/2023 02:30,87.47,93.22,93.22
24/10/2023 03:00,88.1,96.48,96.48
24/10/2023 03:30,88.1,94.31,62.5
24/10/2023 04:00,97.55,108.25,150
24/10/2023 04:30,97.55,109.6,150
24/10/2023 05:00,109.94,104.02,150
24/10/2023 05:30,109.94,112.33,168
24/10/2023 06:00,117.31,126.98,131.88
24/10/2023 06:30,117.31,143.5,160
24/10/2023 07:00,117.88,135.92,160
24/10/2023 07:30,117.88,141.63,168
24/10/2023 08:00,111.57,139.84,148
24/10/2023 08:30,111.57,139.84,129.92
24/10/2023 09:00,103.96,132.29,148
24/10/2023 09:30,103.96,123.38,148
24/10/2023 10:00,99.49,129.52,160
24/10/2023 10:30,99.49,126.39,148
24/10/2023 11:00,93.92,122.25,178
24/10/2023 11:30,93.92,123.98,152.95
24/10/2023 12:00,91.56,123.13,148
24/10/2023 12:30,91.56,119.69,148
24/10/2023 13:00,90.75,117.75,158.42
24/10/2023 13:30,90.75,115.89,148
24/10/2023 14:00,98.57,109.44,91.92
24/10/2023 14:30,98.57,116.14,175
24/10/2023 15:00,111.36,125.61,126.62
24/10/2023 15:30,111.36,129.99,164
24/10/2023 16:00,132.03,133.43,79
24/10/2023 16:30,132.03,138.47,148.04
24/10/2023 17:00,144.37,139.15,79.11
24/10/2023 17:30,144.37,135.44,147.9
24/10/2023 18:00,124.59,129.83,164
24/10/2023 18:30,124.59,123.72,180
24/10/2023 19:00,101.43,117.38,180
24/10/2023 19:30,101.43,115.5,177.5
24/10/2023 20:00,101.82,117.67,147.9
24/10/2023 20:30,101.82,112.54,142
24/10/2023 21:00,92.16,105.9,178
24/10/2023 21:30,92.16,99.69,175.57
24/10/2023 22:00,105.36,114.46,150
24/10/2023 22:30,105.36,112.01,131
24/10/2023 23:00,98.28,106.38,106.38
24/10/2023 23:30,98.28,95.89,79.53
25/10/2023 00:00,101.1,105.04,105.04
25/10/2023 00:30,101.1,100.12,145
25/10/2023 01:00,102.56,100.31,128
25/10/2023 01:30,102.56,99.54,129
25/10/2023 02:00,96.35,101.93,129
25/10/2023 02:30,96.35,100.53,129
25/10/2023 03:00,96.34,104.11,120
25/10/2023 03:30,96.34,100.41,120
25/10/2023 04:00,102.45,99.28,145
25/10/2023 04:30,102.45,106.27,144
25/10/2023 05:00,121.61,114.52,152.9
25/10/2023 05:30,121.61,111.3,129.02
25/10/2023 06:00,126.42,125.59,147
25/10/2023 06:30,126.42,138.03,147
25/10/2023 07:00,135,137.43,147
25/10/2023 07:30,135,138.51,144
25/10/2023 08:00,130.99,137.39,144
25/10/2023 08:30,130.99,136.44,144
25/10/2023 09:00,120.06,137,144
25/10/2023 09:30,120.06,135.19,144
25/10/2023 10:00,111.92,135.8,144
25/10/2023 10:30,111.92,132.61,144
25/10/2023 11:00,101.22,127.3,144
25/10/2023 11:30,101.22,117.34,142.5
25/10/2023 12:00,99,113.83,65.19
25/10/2023 12:30,99,101.56,69.49
25/10/2023 13:00,102,102.1,71.4
25/10/2023 13:30,102,99.59,56.5
25/10/2023 14:00,110.35,103.54,115.19
25/10/2023 14:30,110.35,111.75,80.3
25/10/2023 15:00,120,105.51,80.39
25/10/2023 15:30,120,121.97,165
25/10/2023 16:00,140.4,124.19,156
25/10/2023 16:30,140.4,132.71,156
25/10/2023 17:00,150.91,129.5,149.62
25/10/2023 17:30,150.91,129.27,85
25/10/2023 18:00,132.2,127.59,174
25/10/2023 18:30,132.2,122.33,139
25/10/2023 19:00,114.76,123.86,151
25/10/2023 19:30,114.76,108.99,141
25/10/2023 20:00,108.55,111.13,141
25/10/2023 20:30,108.55,104.81,81.1
25/10/2023 21:00,101.03,108.77,81.1
25/10/2023 21:30,101.03,99.8,81.1
25/10/2023 22:00,99.42,93.37,81.1
25/10/2023 22:30,99.42,90.18,81.1
25/10/2023 23:00,95.7,95.39,81.12
25/10/2023 23:30,95.7,91.43,120
26/10/2023 00:00,95.07,88.9,120
26/10/2023 00:30,95.07,95.18,120
26/10/2023 01:00,95.07,95.31,81.5
26/10/2023 01:30,95.07,89.74,120
26/10/2023 02:00,91.6,97.18,120
26/10/2023 02:30,91.6,88.39,139
26/10/2023 03:00,92.14,89.79,139
26/10/2023 03:30,92.14,94.09,165
26/10/2023 04:00,103,108.1,119.75
26/10/2023 04:30,103,88.85,82.61
26/10/2023 05:00,113.8,90.27,81.71
26/10/2023 05:30,113.8,87.48,60
26/10/2023 06:00,131.59,93.61,60
26/10/2023 06:30,131.59,103.06,129.99
26/10/2023 07:00,132.71,113.14,158
26/10/2023 07:30,132.71,116.15,130.22
26/10/2023 08:00,128.48,109.7,79.67
26/10/2023 08:30,128.48,105.25,82.05
26/10/2023 09:00,115.94,106.49,75
26/10/2023 09:30,115.94,101.08,81.86
26/10/2023 10:00,108.75,93.61,82.08
26/10/2023 10:30,108.75,89.41,82.08
26/10/2023 11:00,105.57,91.78,139.85
26/10/2023 11:30,105.57,96.08,137.95
26/10/2023 12:00,103.01,96.14,137.95
26/10/2023 12:30,103.01,96.06,134.9
26/10/2023 13:00,103.08,92.04,60
26/10/2023 13:30,103.08,89.98,60
26/10/2023 14:00,106.27,90.16,82.07
26/10/2023 14:30,106.27,88.97,82.15
26/10/2023 15:00,113.73,92.28,82.2
26/10/2023 15:30,113.73,97.84,82.2
26/10/2023 16:00,132.01,123.22,154.9
26/10/2023 16:30,132.01,127.34,154.88
26/10/2023 17:00,140.17,123.84,143.77
26/10/2023 17:30,140.17,126.69,142.72
26/10/2023 18:00,123.69,114.5,158.5
26/10/2023 18:30,123.69,114.53,158.5
26/10/2023 19:00,109.47,117.97,130
26/10/2023 19:30,109.47,110.96,130
26/10/2023 20:00,107.78,102.74,60
26/10/2023 20:30,107.78,101.12,82.34
26/10/2023 21:00,99.05,98.2,82.34
26/10/2023 21:30,99.05,97.82,82.3
26/10/2023 22:00,98.12,104.34,125
26/10/2023 22:30,98.12,99.12,99.12
26/10/2023 23:00,93.39,97.73,97.73
26/10/2023 23:30,93.39,89.44,89.44
27/10/2023 00:00,94.21,90.47,123.5
27/10/2023 00:30,94.21,98.63,129
27/10/2023 01:00,94.2,103.14,125
27/10/2023 01:30,94.2,108.43,125
27/10/2023 02:00,91.6,111.22,125
27/10/2023 02:30,91.6,109.52,119.69
27/10/2023 03:00,91.83,109.9,109.9
27/10/2023 03:30,91.83,101.46,101.46
27/10/2023 04:00,96.09,118.89,118.89
27/10/2023 04:30,96.09,109.11,109.11
27/10/2023 05:00,108.98,117.46,82.4
27/10/2023 05:30,108.98,105.65,30
27/10/2023 06:00,123.65,121.03,82.4
27/10/2023 06:30,123.65,136.19,136.33
27/10/2023 07:00,129.99,133.67,85
27/10/2023 07:30,129.99,134.51,138
27/10/2023 08:00,129.34,144.44,138
27/10/2023 08:30,129.34,144.04,138
27/10/2023 09:00,118.98,140.74,138
27/10/2023 09:30,118.98,129.14,50
27/10/2023 10:00,110.26,94.28,5.64
27/10/2023 10:30,110.26,98.59,112.74
27/10/2023 11:00,105.16,110.4,106.06
27/10/2023 11:30,105.16,109.15,106.06
27/10/2023 12:00,97.98,101.76,137.95
27/10/2023 12:30,97.98,101.04,136.95
27/10/2023 13:00,94.01,99.69,136.95
27/10/2023 13:30,94.01,102.74,136.5
27/10/2023 14:00,94.4,108.05,136.5
27/10/2023 14:30,94.4,103.18,129.45
27/10/2023 15:00,104.86,102.36,137.8
27/10/2023 15:30,104.86,119.64,140
27/10/2023 16:00,122.11,130.17,140
27/10/2023 16:30,122.11,131.11,140
27/10/2023 17:00,131.47,133.55,148.9
27/10/2023 17:30,131.47,135.57,140
27/10/2023 18:00,108.68,118.55,137.8
27/10/2023 18:30,108.68,113.1,139.5
27/10/2023 19:00,103.47,118.95,148.9
27/10/2023 19:30,103.47,114.8,135
27/10/2023 20:00,101,108.77,82.52
27/10/2023 20:30,101,105.96,134
27/10/2023 21:00,86.98,101.73,129
27/10/2023 21:30,86.98,102.9,129
27/10/2023 22:00,82.8,108.12,129
27/10/2023 22:30,82.8,98.42,133
27/10/2023 23:00,64.45,86.84,133
27/10/2023 23:30,64.45,89.49,133
28/10/2023 00:00,58.28,102.7,133
28/10/2023 00:30,58.28,98.19,12
28/10/2023 01:00,59.71,71.73,0
28/10/2023 01:30,59.71,68.2,0
28/10/2023 02:00,52.65,71.15,-5
28/10/2023 02:30,52.65,63.78,128
28/10/2023 03:00,50.12,68.78,128
28/10/2023 03:30,50.12,73.22,128
28/10/2023 04:00,50.2,74.51,133
28/10/2023 04:30,50.2,85.19,133
28/10/2023 05:00,64.97,90.52,128
28/10/2023 05:30,64.97,95.25,128
28/10/2023 06:00,78.57,98.32,128
28/10/2023 06:30,78.57,114.58,129
28/10/2023 07:00,101.24,114.42,129
28/10/2023 07:30,101.24,124.89,129
28/10/2023 08:00,109.96,128.99,129.8
28/10/2023 08:30,109.96,128.31,129.8
28/10/2023 09:00,109.91,126.72,129.8
28/10/2023 09:30,109.91,126.44,133
28/10/2023 10:00,88.09,119.98,133
28/10/2023 10:30,88.09,119.88,139
28/10/2023 11:00,76.62,122.12,139
28/10/2023 11:30,76.62,122.95,139
28/10/2023 12:00,73.91,125.23,139
28/10/2023 12:30,73.91,125.67,138.5
28/10/2023 13:00,65.34,124.87,138.5
28/10/2023 13:30,65.34,123.91,138
28/10/2023 14:00,71.74,129.39,127
28/10/2023 14:30,71.74,131.84,142.95
28/10/2023 15:00,98.99,132.28,142.9
28/10/2023 15:30,98.99,134.19,142.95
28/10/2023 16:00,126.34,139.11,142.9
28/10/2023 16:30,126.34,141.48,149.5
28/10/2023 17:00,129.12,142.38,149.5
28/10/2023 17:30,129.12,140.11,142.9
28/10/2023 18:00,90.35,117.62,142.9
28/10/2023 18:30,90.35,105.38,138.5
28/10/2023 19:00,56.47,106.43,142.95
28/10/2023 19:30,56.47,99.44,139.49
28/10/2023 20:00,44.71,95.01,138.47
28/10/2023 20:30,44.71,89.5,138.25
28/10/2023 21:00,28.46,91.43,138.25
28/10/2023 21:30,28.46,46.35,133
28/10/2023 22:00,7.63,57.19,138.25
28/10/2023 22:30,7.63,37.86,138.25
28/10/2023 23:00,0,35.3,138.25
28/10/2023 23:30,0,29.33,138.25
29/10/2023 00:00,-0.01,32.24,138.25
29/10/2023 00:30,-0.01,48.19,138.25
29/10/2023 01:00,-0.01,23.84,23.84
29/10/2023 01:30,-0.01,15.97,123.01
29/10/2023 02:00,-0.01,10.97,-5.33
29/10/2023 02:30,-0.01,3.65,-2.21
29/10/2023 03:00,-3.9,4.15,133
29/10/2023 03:30,-3.9,15.62,133
29/10/2023 04:00,-3.9,10.6,-6.81
29/10/2023 04:30,-3.9,4.52,-13.1
29/10/2023 05:00,-3.9,-2.91,-13.27
29/10/2023 05:30,-3.9,-5.27,-13.8
29/10/2023 06:00,-0.01,-1.29,-10.61
29/10/2023 06:30,-0.01,5.44,-10.61
29/10/2023 07:00,0,2.14,-55
29/10/2023 07:30,0,29.24,133
29/10/2023 08:00,4.02,14.35,-76
29/10/2023 08:30,4.02,60.24,135
29/10/2023 09:00,23.04,80.52,137.5
29/10/2023 09:30,23.04,90.1,138
29/10/2023 10:00,39.1,100.55,142
29/10/2023 10:30,39.1,102.48,143.95
29/10/2023 11:00,44,125.22,143.95
29/10/2023 11:30,44,127.17,142
29/10/2023 12:00,62.55,128.13,140
29/10/2023 12:30,62.55,128.88,143.95
29/10/2023 13:00,96.39,131.33,143.95
29/10/2023 13:30,96.39,130.7,143.95
29/10/2023 14:00,108.77,126.33,130
29/10/2023 14:30,108.77,112.97,10
29/10/2023 15:00,98.69,83.37,25
29/10/2023 15:30,98.69,79.55,35.2
29/10/2023 16:00,142.07,89.95,147.5
29/10/2023 16:30,142.07,108.5,147.5
29/10/2023 17:00,154.84,112.51,149.5
29/10/2023 17:30,154.84,121.37,149.5
29/10/2023 18:00,122,114.97,149
29/10/2023 18:30,122,101.08,145
29/10/2023 19:00,80,72.88,145
29/10/2023 19:30,80,79.57,143.5
29/10/2023 20:00,94.15,78.68,143.5
29/10/2023 20:30,94.15,60.16,139.49
29/10/2023 21:00,63.08,41.17,134
29/10/2023 21:30,63.08,28.04,139
29/10/2023 22:00,44.02,25.46,134
29/10/2023 22:30,44.02,16.24,-80.65
29/10/2023 23:00,18.7,-0.11,-71.5
29/10/2023 23:30,18.7,-10.49,-80.65
30/10/2023 00:00,24.72,-17.34,-80.65
30/10/2023 00:30,24.72,-7.97,-80.65
30/10/2023 01:00,23,6.12,-79
30/10/2023 01:30,23,-5.23,-79
30/10/2023 02:00,21.44,4.65,5.07
30/10/2023 02:30,21.44,2.41,6.8
30/10/2023 03:00,24.51,24.61,119.9
30/10/2023 03:30,24.51,52.91,119.9
30/10/2023 04:00,40.05,41.66,17.96
30/10/2023 04:30,40.05,42.93,100
30/10/2023 05:00,77.62,69.77,131.7
30/10/2023 05:30,77.62,74.61,62.96
30/10/2023 06:00,98.86,107.65,144.9
30/10/2023 06:30,98.86,113.29,144.9
30/10/2023 07:00,107.86,101.26,56.25
30/10/2023 07:30,107.86,116.64,70
30/10/2023 08:00,105.43,97.22,56.3
30/10/2023 08:30,105.43,99.16,57
30/10/2023 09:00,107.87,95.69,59
30/10/2023 09:30,107.87,99.87,137
30/10/2023 10:00,101.01,106.49,137
30/10/2023 10:30,101.01,103.97,72
30/10/2023 11:00,109.19,114.36,156.9
30/10/2023 11:30,109.19,112.8,156.5
30/10/2023 12:00,114.03,115.79,72
30/10/2023 12:30,114.03,114.91,139
30/10/2023 13:00,116.58,125.06,168
30/10/2023 13:30,116.58,122.42,72
30/10/2023 14:00,112.76,134.46,174
30/10/2023 14:30,112.76,127.11,174
30/10/2023 15:00,119.72,142.83,147.9
30/10/2023 15:30,119.72,154.09,170
30/10/2023 16:00,145.09,153.62,189
30/10/2023 16:30,145.09,164.18,189
30/10/2023 17:00,154.97,160.41,174
30/10/2023 17:30,154.97,157.02,174
30/10/2023 18:00,142.8,155.06,174
30/10/2023 18:30,142.8,138.69,170
30/10/2023 19:00,126.14,115.73,170
30/10/2023 19:30,126.14,108.6,81
30/10/2023 20:00,107.87,99.82,113.5
30/10/2023 20:30,107.87,104.77,170
30/10/2023 21:00,107.4,107.82,142.9
30/10/2023 21:30,107.4,97.71,66.35
30/10/2023 22:00,98.77,90.99,66.35
30/10/2023 22:30,98.77,94.15,66.35
30/10/2023 23:00,97.47,72.84,66.6
30/10/2023 23:30,97.47,81.08,137
31/10/2023 00:00,100.03,74.66,76.41
31/10/2023 00:30,100.03,83.94,76.41
31/10/2023 01:00,96.36,86.52,138.47
31/10/2023 01:30,96.36,77.88,68.02
31/10/2023 02:00,82.04,75.71,60.35
31/10/2023 02:30,82.04,78.53,60.35
31/10/2023 03:00,79.47,68.17,59.43
31/10/2023 03:30,79.47,65.83,58.54
31/10/2023 04:00,81.57,66.64,67.68
31/10/2023 04:30,81.57,66.01,68.53
31/10/2023 05:00,94,85.01,137
31/10/2023 05:30,94,84.32,164
31/10/2023 06:00,112.97,97.56,97.56
31/10/2023 06:30,112.97,103.8,137
31/10/2023 07:00,103.58,107.39,118.45
31/10/2023 07:30,103.58,119.94,118.45
31/10/2023 08:00,115.08,90.3,68.71
31/10/2023 08:30,115.08,98.55,69
31/10/2023 09:00,117.91,104.9,69
31/10/2023 09:30,117.91,91.47,69.01
31/10/2023 10:00,108.8,85.97,69.01
31/10/2023 10:30,108.8,89.86,69.05
31/10/2023 11:00,102.45,84.94,69.12
31/10/2023 11:30,102.45,83.81,70.11
31/10/2023 12:00,108.48,85.86,72.02
31/10/2023 12:30,108.48,96.19,72.01
31/10/2023 13:00,110.41,94.07,144.63
31/10/2023 13:30,110.41,87.73,157
31/10/2023 14:00,110.6,92.21,157
31/10/2023 14:30,110.6,98.37,141
31/10/2023 15:00,112.8,95.4,72.25
31/10/2023 15:30,112.8,100.21,110.01
31/10/2023 16:00,137.3,109.64,72.05
31/10/2023 16:30,137.3,122.7,114.46
31/10/2023 17:00,141.51,119.83,72.25
31/10/2023 17:30,141.51,110.34,72.25
31/10/2023 18:00,132.15,102.03,72.05
31/10/2023 18:30,132.15,95,72.25
31/10/2023 19:00,117.01,85.94,75
31/10/2023 19:30,117.01,93.67,120
31/10/2023 20:00,108.5,95.8,142.5
31/10/2023 20:30,108.5,88.97,72.25
31/10/2023 21:00,104.92,101.95,165
31/10/2023 21:30,104.92,108.9,142.5
31/10/2023 22:00,92.58,108.97,155
31/10/2023 22:30,92.58,104.16,142
31/10/2023 23:00,109.99,106.66,140
31/10/2023 23:30,109.99,100.55,108
01/11/2023 00:00,104.93,87.82,138
01/11/2023 00:30,104.93,92.17,139.06
01/11/2023 01:00,68.54,96.3,136.95
01/11/2023 01:30,68.54,86.94,129.95
01/11/2023 02:00,45.51,85.02,136.95
01/11/2023 02:30,45.51,63.88,136.95
01/11/2023 03:00,34.05,76.92,129.95
01/11/2023 03:30,34.05,70.64,31.1
01/11/2023 04:00,26.48,69.92,5.93
01/11/2023 04:30,26.48,49.85,0.87
01/11/2023 05:00,28.1,54.67,16.6
01/11/2023 05:30,28.1,54.07,20.39
01/11/2023 06:00,46.1,62.09,133
01/11/2023 06:30,46.1,98.01,129.95
01/11/2023 07:00,70.15,61.44,-36.11
01/11/2023 07:30,70.15,90.37,46.75
01/11/2023 08:00,91.81,89.94,100
01/11/2023 08:30,91.81,84.42,70
01/11/2023 09:00,98.41,78.66,133
01/11/2023 09:30,98.41,82.04,133
01/11/2023 10:00,93.78,67.37,0
01/11/2023 10:30,93.78,59.69,0
01/11/2023 11:00,87.35,50.84,0
01/11/2023 11:30,87.35,58.54,130.9
01/11/2023 12:00,81.46,78.4,130.9
01/11/2023 12:30,81.46,76.02,40
01/11/2023 13:00,80.24,76.37,82.56
01/11/2023 13:30,80.24,75.72,40
01/11/2023 14:00,79.85,79.04,0
01/11/2023 14:30,79.85,76.15,-18.22
01/11/2023 15:00,84.97,55.42,-45
01/11/2023 15:30,84.97,46.1,-60
01/11/2023 16:00,96.37,52.85,-18.22
01/11/2023 16:30,96.37,70.74,126.9
01/11/2023 17:00,124.99,81.79,126.9
01/11/2023 17:30,124.99,93.93,126.9
01/11/2023 18:00,114.38,87.51,126.9
01/11/2023 18:30,114.38,80.14,126.9
01/11/2023 19:00,101.29,89.03,126.9
01/11/2023 19:30,101.29,85.6,126.9
01/11/2023 20:00,89.41,78.28,126.9
01/11/2023 20:30,89.41,80.78,130
01/11/2023 21:00,96.07,93.05,130
01/11/2023 21:30,96.07,91.75,130
01/11/2023 22:00,70.91,77.34,52
01/11/2023 22:30,70.91,40.03,-50
01/11/2023 23:00,55.39,20.44,114.9
01/11/2023 23:30,55.39,25.91,125
02/11/2023 00:00,44,58.92,114.9
02/11/2023 00:30,44,58.18,120
02/11/2023 01:00,25.99,70.83,114
02/11/2023 01:30,25.99,47.34,-8
02/11/2023 02:00,5.1,47.8,-45.46
02/11/2023 02:30,5.1,25.21,-49.51
02/11/2023 03:00,9.07,16.32,-50
02/11/2023 03:30,9.07,2.63,-49.51
02/11/2023 04:00,9.61,12.8,-23.48
02/11/2023 04:30,9.61,7.81,-48
02/11/2023 05:00,31.6,3.83,-8.01
02/11/2023 05:30,31.6,29.07,16.34
02/11/2023 06:00,74.08,48.82,114
02/11/2023 06:30,74.08,75.94,115
02/11/2023 07:00,86.36,98.7,160
02/11/2023 07:30,86.36,104.17,127
02/11/2023 08:00,87.6,111.53,160
02/11/2023 08:30,87.6,107.61,142
02/11/2023 09:00,94.54,106.29,119
02/11/2023 09:30,94.54,105.91,119
02/11/2023 10:00,95.97,102.96,119
02/11/2023 10:30,95.97,103.41,116.9
02/11/2023 11:00,92.63,91.49,119
02/11/2023 11:30,92.63,98.2,145
02/11/2023 12:00,99.95,107.95,119
02/11/2023 12:30,99.95,111.56,31
02/11/2023 13:00,99.31,100.36,31
02/11/2023 13:30,99.31,99.39,116.9
02/11/2023 14:00,83.58,99.13,119
02/11/2023 14:30,83.58,98.5,116.9
02/11/2023 15:00,77.74,94.02,116.9
02/11/2023 15:30,77.74,95.11,119
02/11/2023 16:00,87.21,95.71,116.5
02/11/2023 16:30,87.21,95.07,116.9
02/11/2023 17:00,110.06,95.56,116.9
02/11/2023 17:30,110.06,98.68,116.9
02/11/2023 18:00,92,99.45,45
02/11/2023 18:30,92,90.3,55
02/11/2023 19:00,87.5,105.53,125
02/11/2023 19:30,87.5,106.4,145
02/11/2023 20:00,86.96,98.4,119
02/11/2023 20:30,86.96,99.43,119
02/11/2023 21:00,70.98,86.99,144
02/11/2023 21:30,70.98,74.68,128
02/11/2023 22:00,42.01,61.91,0
02/11/2023 22:30,42.01,14.21,0
02/11/2023 23:00,46.06,24.6,2.37
02/11/2023 23:30,46.06,5.84,-2.54
03/11/2023 00:00,34.62,2.92,-25.85
03/11/2023 00:30,34.62,1.97,-0.11
03/11/2023 01:00,27.15,2.8,-1.13
03/11/2023 01:30,27.15,1.18,-1.57
03/11/2023 02:00,20.09,4.53,-3.4
03/11/2023 02:30,20.09,2.62,-3.42
03/11/2023 03:00,17.92,43.21,18.1
03/11/2023 03:30,17.92,22.96,0
03/11/2023 04:00,32.91,14.44,-1.46
03/11/2023 04:30,32.91,15.61,-9.8
03/11/2023 05:00,58.98,87.95,140
03/11/2023 05:30,58.98,86.2,42.28
03/11/2023 06:00,83.6,93.56,140
03/11/2023 06:30,83.6,99.67,125
03/11/2023 07:00,90.68,97.14,106.14
03/11/2023 07:30,90.68,111.4,122.5
03/11/2023 08:00,83.13,99.5,122.5
03/11/2023 08:30,83.13,104.2,123
03/11/2023 09:00,80.97,108.23,123
03/11/2023 09:30,80.97,110.2,33
03/11/2023 10:00,76.43,96.42,26.1
03/11/2023 10:30,76.43,85.99,122.5
03/11/2023 11:00,71.3,97.73,125
03/11/2023 11:30,71.3,104.78,125
03/11/2023 12:00,69.58,101.15,125
03/11/2023 12:30,69.58,100.78,123
03/11/2023 13:00,73.99,99.34,125
03/11/2023 13:30,73.99,98.88,125
03/11/2023 14:00,80.93,103.58,123
03/11/2023 14:30,80.93,102.6,122
03/11/2023 15:00,80.86,112.74,133.9
03/11/2023 15:30,80.86,109.97,71
03/11/2023 16:00,92.55,107.84,36
03/11/2023 16:30,92.55,121.85,133.9
03/11/2023 17:00,112.2,117.35,133.9
03/11/2023 17:30,112.2,119.2,135
03/11/2023 18:00,93.01,120.34,141
03/11/2023 18:30,93.01,122.03,133.9
03/11/2023 19:00,88.2,97.71,133.9
03/11/2023 19:30,88.2,99.13,133.9
03/11/2023 20:00,89.22,105.9,142.21
03/11/2023 20:30,89.22,105.84,133.9
03/11/2023 21:00,80.09,95.97,37.05
03/11/2023 21:30,80.09,90.31,37.05
03/11/2023 22:00,80.09,85.88,37.08
03/11/2023 22:30,80.09,81.73,118
03/11/2023 23:00,95.44,85.66,85.66
03/11/2023 23:30,95.44,78.58,142.97
04/11/2023 00:00,88.07,69.5,135
04/11/2023 00:30,88.07,89.36,119.9
04/11/2023 01:00,92.42,98.31,37.3
04/11/2023 01:30,92.42,90,37.3
04/11/2023 02:00,92.29,84.16,38.01
04/11/2023 02:30,92.29,84.81,145
04/11/2023 03:00,89.87,97.01,97.01
04/11/2023 03:30,89.87,90.27,38.6
04/11/2023 04:00,84.8,84.92,145
04/11/2023 04:30,84.8,94.14,120
04/11/2023 05:00,73.04,92.41,92.41
04/11/2023 05:30,73.04,81.2,135
04/11/2023 06:00,77.05,82.86,178
04/11/2023 06:30,77.05,106.57,155
04/11/2023 07:00,85.42,128.02,160
04/11/2023 07:30,85.42,117.48,74.22
04/11/2023 08:00,93.34,114.34,65.68
04/11/2023 08:30,93.34,118.7,120
04/11/2023 09:00,100.6,122.48,77.4
04/11/2023 09:30,100.6,121.39,118
04/11/2023 10:00,101.38,119.2,78.73
04/11/2023 10:30,101.38,116.09,119.95
04/11/2023 11:00,99.97,107.79,135
04/11/2023 11:30,99.97,111.79,118
04/11/2023 12:00,90.04,116.84,118
04/11/2023 12:30,90.04,114.34,50
04/11/2023 13:00,80.76,105.95,119.95
04/11/2023 13:30,80.76,100.54,120
04/11/2023 14:00,79.69,100.37,43.15
04/11/2023 14:30,79.69,97.82,43.15
04/11/2023 15:00,92.68,90.57,43.16
04/11/2023 15:30,92.68,90.15,43.15
04/11/2023 16:00,94,95.03,43.15
04/11/2023 16:30,94,112.06,132.8
04/11/2023 17:00,129.17,121.98,135.9
04/11/2023 17:30,129.17,123.98,50
04/11/2023 18:00,128.08,117.33,132.8
04/11/2023 18:30,128.08,110.67,138
04/11/2023 19:00,107.29,111.73,138
04/11/2023 19:30,107.29,117.43,135.9
04/11/2023 20:00,95.27,113.47,43.55
04/11/2023 20:30,95.27,113.29,50
04/11/2023 21:00,97.31,106.71,43.62
04/11/2023 21:30,97.31,96.55,43.64
04/11/2023 22:00,93.02,87.98,125
04/11/2023 22:30,93.02,94.38,134.45
04/11/2023 23:00,95.59,93.06,130
04/11/2023 23:30,95.59,92.35,118
05/11/2023 00:00,104.91,93.45,119.95
05/11/2023 00:30,104.91,101.14,119.95
05/11/2023 01:00,102.87,93.36,46.06
05/11/2023 01:30,102.87,89.47,47
05/11/2023 02:00,96.88,92.98,130
05/11/2023 02:30,96.88,90.54,47.26
05/11/2023 03:00,92.13,98.41,47.26
05/11/2023 03:30,92.13,100.55,100.55
05/11/2023 04:00,80.01,99.59,99.59
05/11/2023 04:30,80.01,94.62,94.62
05/11/2023 05:00,80.01,82.64,82.64
05/11/2023 05:30,80.01,88.24,47.1
05/11/2023 06:00,83.6,78.47,33.6
05/11/2023 06:30,83.6,81,27.84
05/11/2023 07:00,72.96,74.15,47.1
05/11/2023 07:30,72.96,60.61,42.06
05/11/2023 08:00,80,81.11,124
05/11/2023 08:30,80,87.31,40.03
05/11/2023 09:00,84.79,99.95,117.95
05/11/2023 09:30,84.79,99.66,117.95
05/11/2023 10:00,82,96.85,117.95
05/11/2023 10:30,82,92.07,117.95
05/11/2023 11:00,75.91,104.42,117.95
05/11/2023 11:30,75.91,100.64,32
05/11/2023 12:00,83.6,101.87,45
05/11/2023 12:30,83.6,94.85,117.95
05/11/2023 13:00,93.27,101.91,141.08
05/11/2023 13:30,93.27,106.04,160
05/11/2023 14:00,89.65,112.45,145
05/11/2023 14:30,89.65,115.87,135
05/11/2023 15:00,90.05,130.05,138
05/11/2023 15:30,90.05,127.87,138
05/11/2023 16:00,110,124.38,135
05/11/2023 16:30,110,137.39,160
05/11/2023 17:00,135,141.49,136.9
05/11/2023 17:30,135,136.33,136.9
05/11/2023 18:00,125.01,132.16,136.9
05/11/2023 18:30,125.01,130.36,132
05/11/2023 19:00,106.52,125.4,132
05/11/2023 19:30,106.52,110.5,79
05/11/2023 20:00,88.68,108.11,50
05/11/2023 20:30,88.68,93.59,43.33
05/11/2023 21:00,93,83.23,43.33
05/11/2023 21:30,93,88.9,43.36
05/11/2023 22:00,75.09,87.61,145
05/11/2023 22:30,75.09,80.23,80.23
05/11/2023 23:00,119.6,103.63,130
05/11/2023 23:30,119.6,84.37,44.08
06/11/2023 00:00,100.01,80.62,44.5
06/11/2023 00:30,100.01,76.62,44.5
06/11/2023 01:00,83.44,63,43.9
06/11/2023 01:30,83.44,59.83,43.1
06/11/2023 02:00,75.03,37.46,1.94
06/11/2023 02:30,75.03,42.92,1.94
06/11/2023 03:00,64.49,49.25,5.31
06/11/2023 03:30,64.49,43.95,5.09
06/11/2023 04:00,61.13,42.27,13.59
06/11/2023 04:30,61.13,41.14,13.59
06/11/2023 05:00,75.07,68.01,59.99
06/11/2023 05:30,75.07,64.41,44
06/11/2023 06:00,93.04,81.05,84.91
06/11/2023 06:30,93.04,85.88,85.39
06/11/2023 07:00,97.83,111.32,160
06/11/2023 07:30,97.83,122.08,122
06/11/2023 08:00,125,103.28,50
06/11/2023 08:30,125,104.34,50
06/11/2023 09:00,124.95,92.6,52
06/11/2023 09:30,124.95,83.03,52
06/11/2023 10:00,85.46,82.73,52
06/11/2023 10:30,85.46,81.07,52
06/11/2023 11:00,79.9,73.3,53.72
06/11/2023 11:30,79.9,69.92,53.72
06/11/2023 12:00,83.43,69.37,54.5
06/11/2023 12:30,83.43,69.96,54.5
06/11/2023 13:00,82.94,80.03,54.8
06/11/2023 13:30,82.94,72.91,54.9
06/11/2023 14:00,87.5,76.13,54.9
06/11/2023 14:30,87.5,72.22,55
06/11/2023 15:00,96.25,84.43,164.5
06/11/2023 15:30,96.25,98.19,155
06/11/2023 16:00,121.78,112.57,164
06/11/2023 16:30,121.78,123.8,171.5
06/11/2023 17:00,132.28,126.24,158.5
06/11/2023 17:30,132.28,129.68,132
06/11/2023 18:00,122.93,116.83,70
06/11/2023 18:30,122.93,109.05,56
06/11/2023 19:00,99.95,85.01,56.04
06/11/2023 19:30,99.95,82.22,56.02
06/11/2023 20:00,104.99,74.19,56.04
06/11/2023 20:30,104.99,77.73,131
06/11/2023 21:00,89.29,82.05,130.9
06/11/2023 21:30,89.29,90.37,118
06/11/2023 22:00,81.76,79.61,55
06/11/2023 22:30,81.76,72.33,54.9
06/11/2023 23:00,70.08,59.13,54.95
06/11/2023 23:30,70.08,54.6,54.9
07/11/2023 00:00,70.07,52.2,52.1
07/11/2023 00:30,70.07,54.79,45.05
07/11/2023 01:00,57.17,61.4,54.24
07/11/2023 01:30,57.17,55.64,35
07/11/2023 02:00,54.01,46.97,48.02
07/11/2023 02:30,54.01,46.8,131.12
07/11/2023 03:00,51.04,74.75,125
07/11/2023 03:30,51.04,66.8,66.8
07/11/2023 04:00,68.77,66.62,62.35
07/11/2023 04:30,68.77,61.25,60.53
07/11/2023 05:00,81.92,91.26,82.05
07/11/2023 05:30,81.92,74.79,56.04
07/11/2023 06:00,97.32,102.49,56.09
07/11/2023 06:30,97.32,96.99,149.5
07/11/2023 07:00,106.65,101.68,129.09
07/11/2023 07:30,106.65,118.03,131.1
07/11/2023 08:00,97.66,96.6,56.16
07/11/2023 08:30,97.66,94.16,56.16
07/11/2023 09:00,85.34,78.24,60
07/11/2023 09:30,85.34,71.37,120
07/11/2023 10:00,78.13,80.92,120
07/11/2023 10:30,78.13,76.65,80
07/11/2023 11:00,77.93,74.43,120
07/11/2023 11:30,77.93,78.33,60
07/11/2023 12:00,79.1,74.7,60
07/11/2023 12:30,79.1,77.18,140
07/11/2023 13:00,82.11,90.29,119.5
07/11/2023 13:30,82.11,88.38,140
07/11/2023 14:00,87.07,97.68,144.9
07/11/2023 14:30,87.07,92.75,148
07/11/2023 15:00,95.86,103.34,61
07/11/2023 15:30,95.86,102.89,144.9
07/11/2023 16:00,116.94,99.56,144.9
07/11/2023 16:30,116.94,129.24,155
07/11/2023 17:00,128.76,130.82,129.73
07/11/2023 17:30,128.76,126.33,131.37
07/11/2023 18:00,116.43,120.16,63.3
07/11/2023 18:30,116.43,115.72,63.7
07/11/2023 19:00,99.99,91.62,157.9
07/11/2023 19:30,99.99,92.18,157.9
07/11/2023 20:00,92.02,106.29,157.9
07/11/2023 20:30,92.02,100.74,149
07/11/2023 21:00,90.4,89.92,120
07/11/2023 21:30,90.4,90.7,128
07/11/2023 22:00,85.6,87.4,64.2
07/11/2023 22:30,85.6,87.33,130
07/11/2023 23:00,96.44,99.39,99.39
07/11/2023 23:30,96.44,97.88,97.88
08/11/2023 00:00,85.91,86.69,70.13
08/11/2023 00:30,85.91,87.38,68.01
08/11/2023 01:00,76.13,79.42,140
08/11/2023 01:30,76.13,82.17,140
08/11/2023 02:00,63.51,97,140
08/11/2023 02:30,63.51,85.35,119.5
08/11/2023 03:00,56.98,87.13,117.95
08/11/2023 03:30,56.98,66.62,140
08/11/2023 04:00,60.69,81.02,140
08/11/2023 04:30,60.69,69.36,140
08/11/2023 05:00,75.48,92.68,117.95
08/11/2023 05:30,75.48,81.25,81.39
08/11/2023 06:00,94.82,95.73,106.84
08/11/2023 06:30,94.82,101.06,107.47
08/11/2023 07:00,101.74,78.33,78.33
08/11/2023 07:30,101.74,101.78,105.05
08/11/2023 08:00,95.16,75.12,42.89
08/11/2023 08:30,95.16,76.94,62.68
08/11/2023 09:00,90.05,55.28,26.35
08/11/2023 09:30,90.05,65.86,120
08/11/2023 10:00,84.98,76.38,121
08/11/2023 10:30,84.98,75.87,121
08/11/2023 11:00,84.88,77.18,120
08/11/2023 11:30,84.88,81.55,119.5
08/11/2023 12:00,85.93,72.9,66.06
08/11/2023 12:30,85.93,78.85,66.06
08/11/2023 13:00,86.77,77.63,1
08/11/2023 13:30,86.77,59.77,10
08/11/2023 14:00,90.5,83.27,114.69
08/11/2023 14:30,90.5,73.3,11
08/11/2023 15:00,91.13,89.53,90.47
08/11/2023 15:30,91.13,90.78,114.74
08/11/2023 16:00,111.19,97.7,134
08/11/2023 16:30,111.19,109.68,155
08/11/2023 17:00,125.71,110.56,158
08/11/2023 17:30,125.71,124.82,158
08/11/2023 18:00,119.96,118.53,77
08/11/2023 18:30,119.96,110.3,66.06
08/11/2023 19:00,99.65,114.06,66.06
08/11/2023 19:30,99.65,103.91,37
08/11/2023 20:00,93.93,100.48,135
08/11/2023 20:30,93.93,94.89,77
08/11/2023 21:00,92.04,91.54,135
08/11/2023 21:30,92.04,95.55,120
08/11/2023 22:00,90,95.15,130
08/11/2023 22:30,90,93.26,130
08/11/2023 23:00,88.88,101.3,65
08/11/2023 23:30,88.88,89.1,37.15
09/11/2023 00:00,86.99,83.95,37.15
09/11/2023 00:30,86.99,77.87,37.25
09/11/2023 01:00,91.19,79.44,55
09/11/2023 01:30,91.19,68.31,155
09/11/2023 02:00,75.44,83.38,155
09/11/2023 02:30,75.44,66.07,51.09
09/11/2023 03:00,72.01,61.19,62.81
09/11/2023 03:30,72.01,50.02,51.34
09/11/2023 04:00,79.28,52.67,1.01
09/11/2023 04:30,79.28,36.55,1
09/11/2023 05:00,94.64,71.37,15
09/11/2023 05:30,94.64,42.73,15
09/11/2023 06:00,103,86.68,157
09/11/2023 06:30,103,101.51,155
09/11/2023 07:00,110.92,99.65,120
09/11/2023 07:30,110.92,106.13,120
09/11/2023 08:00,103.41,88.47,50
09/11/2023 08:30,103.41,91.33,50
09/11/2023 09:00,95.25,71.46,50
09/11/2023 09:30,95.25,68.4,50.6
09/11/2023 10:00,92.56,73.78,80
09/11/2023 10:30,92.56,80.96,56.5
09/11/2023 11:00,89.23,73.48,56.5
09/11/2023 11:30,89.23,74.5,56.51
09/11/2023 12:00,91.7,80.36,56.51
09/11/2023 12:30,91.7,74.05,56.5
09/11/2023 13:00,93.58,77.2,56.5
09/11/2023 13:30,93.58,73.41,56.5
09/11/2023 14:00,97.82,74.75,57.17
09/11/2023 14:30,97.82,77.21,58.26
09/11/2023 15:00,102.33,86.37,100
09/11/2023 15:30,102.33,110.76,58.31
09/11/2023 16:00,120.23,97.6,145
09/11/2023 16:30,120.23,106.13,140
09/11/2023 17:00,128.43,113.18,155
09/11/2023 17:30,128.43,120.78,140
09/11/2023 18:00,117.01,98.48,119.5
09/11/2023 18:30,117.01,97.97,143
09/11/2023 19:00,107.61,100.3,140
09/11/2023 19:30,107.61,102.49,140
09/11/2023 20:00,95.9,95.17,128.59
09/11/2023 20:30,95.9,92.68,140
09/11/2023 21:00,92.07,100.13,61
09/11/2023 21:30,92.07,89.36,125
09/11/2023 22:00,89.58,86.26,144
09/11/2023 22:30,89.58,86.57,125
09/11/2023 23:00,88.46,94.64,58.5
09/11/2023 23:30,88.46,90.51,1
10/11/2023 00:00,86.07,70.28,1
10/11/2023 00:30,86.07,78.04,5
10/11/2023 01:00,96.19,61.34,4.99
10/11/2023 01:30,96.19,59.65,5
10/11/2023 02:00,86.01,64.06,64.06
10/11/2023 02:30,86.01,60.43,4.99
10/11/2023 03:00,85.03,51.73,1
10/11/2023 03:30,85.03,52.24,1
10/11/2023 04:00,85.09,52,1
10/11/2023 04:30,85.09,59.31,4.99
10/11/2023 05:00,86.5,69.3,1.01
10/11/2023 05:30,86.5,66.4,32
10/11/2023 06:00,100.64,87.93,56.75
10/11/2023 06:30,100.64,82.33,55.15
10/11/2023 07:00,111.53,81.42,55.25
10/11/2023 07:30,111.53,106.48,125.5
10/11/2023 08:00,124.93,117.15,139
10/11/2023 08:30,124.93,118.44,58
10/11/2023 09:00,128.12,120.75,138
10/11/2023 09:30,128.12,117.07,125.5
10/11/2023 10:00,107.09,117.17,125.5
10/11/2023 10:30,107.09,116.22,125
10/11/2023 11:00,85.86,108.47,125
10/11/2023 11:30,85.86,103.83,58.58
10/11/2023 12:00,83.09,105.2,59.17
10/11/2023 12:30,83.09,100.17,120
10/11/2023 13:00,84.5,99.22,80
10/11/2023 13:30,84.5,91.53,124
10/11/2023 14:00,87.89,101.4,60.5
10/11/2023 14:30,87.89,92.62,60.5
10/11/2023 15:00,88.83,92.55,60
10/11/2023 15:30,88.83,95.47,61
10/11/2023 16:00,112.17,89.71,60.5
10/11/2023 16:30,112.17,99.31,125
10/11/2023 17:00,121.77,104.58,125
10/11/2023 17:30,121.77,103.06,61.2
10/11/2023 18:00,107.02,100.61,61.5
10/11/2023 18:30,107.02,95.42,125
10/11/2023 19:00,97.99,86.42,61.2
10/11/2023 19:30,97.99,82.7,61.2
10/11/2023 20:00,94.03,85.22,135
10/11/2023 20:30,94.03,91.98,124
10/11/2023 21:00,91.99,92.24,61.52
10/11/2023 21:30,91.99,83.81,61.15
10/11/2023 22:00,87.03,74.81,20
10/11/2023 22:30,87.03,80.77,51
10/11/2023 23:00,91.8,70.1,51
10/11/2023 23:30,91.8,67.91,127
11/11/2023 00:00,84.94,76.14,117.96
11/11/2023 00:30,84.94,86.88,117.5
11/11/2023 01:00,84.7,74.07,70.76
11/11/2023 01:30,84.7,70.06,1
11/11/2023 02:00,79.51,66.28,1
11/11/2023 02:30,79.51,60.59,3
11/11/2023 03:00,74.22,54.98,3
11/11/2023 03:30,74.22,58.39,4.99
11/11/2023 04:00,77.82,52.7,3
11/11/2023 04:30,77.82,59.13,5
11/11/2023 05:00,81.95,65.89,5
11/11/2023 05:30,81.95,68.65,5
11/11/2023 06:00,90.67,63.21,5
11/11/2023 06:30,90.67,58.15,58.15
11/11/2023 07:00,90.06,80.53,144
11/11/2023 07:30,90.06,,118.5
11/11/2023 08:00,88.65,,62.1
11/11/2023 08:30,88.65,,118.5
11/11/2023 09:00,84.66,,118.5
11/11/2023 09:30,84.66,,62.1
11/11/2023 10:00,85.52,,62.1
11/11/2023 10:30,85.52,,62.1
11/11/2023 11:00,88.91,,62
11/11/2023 11:30,88.91,,62.1
11/11/2023 12:00,93.01,,62.15
11/11/2023 12:30,93.01,,118.5
11/11/2023 13:00,89.58,,118.5
11/11/2023 13:30,89.58,,118.5
11/11/2023 14:00,91.61,,63
11/11/2023 14:30,91.61,,118.5
11/11/2023 15:00,98.97,,150
11/11/2023 15:30,98.97,,144
11/11/2023 16:00,120.2,,139
11/11/2023 16:30,120.2,,139
11/11/2023 17:00,134,,139
11/11/2023 17:30,134,,143
11/11/2023 18:00,122.9,,139
11/11/2023 18:30,122.9,,63.33
11/11/2023 19:00,101.97,,63.31
11/11/2023 19:30,101.97,,63.5
11/11/2023 20:00,95.07,,124
11/11/2023 20:30,95.07,,124
11/11/2023 21:00,91.79,,64
11/11/2023 21:30,91.79,,70.42
11/11/2023 22:00,90.21,,64.1
11/11/2023 22:30,90.21,,64
11/11/2023 23:00,102.34,,154.29
11/11/2023 23:30,102.34,,64.15
12/11/2023 00:00,99,,64.5
12/11/2023 00:30,99,,0
12/11/2023 01:00,96.95,,150
12/11/2023 01:30,96.95,,64.5
12/11/2023 02:00,84.9,,64.25
12/11/2023 02:30,84.9,,142
12/11/2023 03:00,77.82,,135
12/11/2023 03:30,77.82,,124
12/11/2023 04:00,80.9,,64.25
12/11/2023 04:30,80.9,,64.25
12/11/2023 05:00,81.38,,61.15
12/11/2023 05:30,81.38,,61.15
12/11/2023 06:00,80.73,,61.2
12/11/2023 06:30,80.73,,64.15
12/11/2023 07:00,85.3,,64.15
12/11/2023 07:30,85.3,,63.75
12/11/2023 08:00,89.33,,63
12/11/2023 08:30,89.33,,64.2
12/11/2023 09:00,93.92,,64.2
12/11/2023 09:30,93.92,,65
12/11/2023 10:00,99.57,,124
12/11/2023 10:30,99.57,,65.1
12/11/2023 11:00,99,,123
12/11/2023 11:30,99,,123
12/11/2023 12:00,112.6,,123
12/11/2023 12:30,112.6,,123
12/11/2023 13:00,100.98,,65.15
12/11/2023 13:30,100.98,,65.22
12/11/2023 14:00,94.1,,146.7
12/11/2023 14:30,94.1,,65.25
12/11/2023 15:00,99.6,,130.88
12/11/2023 15:30,99.6,,66
12/11/2023 16:00,122.45,,129.75
12/11/2023 16:30,122.45,,135.44
12/11/2023 17:00,127.99,,146.7
12/11/2023 17:30,127.99,,74.49
12/11/2023 18:00,106.86,,37.85
12/11/2023 18:30,106.86,,66.1
12/11/2023 19:00,99.46,,129
12/11/2023 19:30,99.46,,129
12/11/2023 20:00,89.72,,129
12/11/2023 20:30,89.72,,125
12/11/2023 21:00,90.17,,124
12/11/2023 21:30,90.17,,123
12/11/2023 22:00,85.05,,122.5
12/11/2023 22:30,85.05,,120
12/11/2023 23:00,89.3,,130
12/11/2023 23:30,89.3,,130
13/11/2023 00:00,83.99,,142
13/11/2023 00:30,83.99,,129
13/11/2023 01:00,78.9,,118
13/11/2023 01:30,78.9,,130
13/11/2023 02:00,71.7,,117
13/11/2023 02:30,71.7,,130
13/11/2023 03:00,63,,148
13/11/2023 03:30,63,,148
13/11/2023 04:00,55.13,,117
13/11/2023 04:30,55.13,,53.5
13/11/2023 05:00,65.01,,117
13/11/2023 05:30,65.01,,1
13/11/2023 06:00,89.55,,4.99
13/11/2023 06:30,89.55,,0.9
13/11/2023 07:00,82.77,,4.99
13/11/2023 07:30,82.77,,61.15
13/11/2023 08:00,88.7,,35
13/11/2023 08:30,88.7,65.94,67
13/11/2023 09:00,88.97,73.86,118
13/11/2023 09:30,88.97,70.83,5
13/11/2023 10:00,90.01,70.23,5
13/11/2023 10:30,90.01,70.65,30
13/11/2023 11:00,86.09,63.68,30
13/11/2023 11:30,86.09,73.94,121
13/11/2023 12:00,82.85,67.66,126.5
13/11/2023 12:30,82.85,78.93,127.5
13/11/2023 13:00,80.5,88,127.5
13/11/2023 13:30,80.5,88.76,127.5
13/11/2023 14:00,77.23,84.09,62
13/11/2023 14:30,77.23,85,122
13/11/2023 15:00,77.83,82.54,30
13/11/2023 15:30,77.83,79.83,30
13/11/2023 16:00,93.98,71.4,30
13/11/2023 16:30,93.98,86.35,42
13/11/2023 17:00,109.01,76.65,50
13/11/2023 17:30,109.01,84.38,51
13/11/2023 18:00,99.81,79.34,42
13/11/2023 18:30,99.81,76.44,64
13/11/2023 19:00,97,84.99,125
13/11/2023 19:30,97,83.04,120
13/11/2023 20:00,86.74,83.78,125
13/11/2023 20:30,86.74,88.81,125
13/11/2023 21:00,89.43,84.91,125
13/11/2023 21:30,89.43,72.82,114.5
13/11/2023 22:00,48.68,65.89,64
13/11/2023 22:30,48.68,51.48,1
13/11/2023 23:00,62.5,73.89,114.5
13/11/2023 23:30,62.5,57.38,57.38
14/11/2023 00:00,64.03,59.15,59.15
14/11/2023 00:30,64.03,64.19,64.19
14/11/2023 01:00,66.4,65.08,0
14/11/2023 01:30,66.4,51.82,-2.55
14/11/2023 02:00,52.47,42.76,-10.64
14/11/2023 02:30,52.47,39.56,-5.72
14/11/2023 03:00,50.02,25.22,-11.08
14/11/2023 03:30,50.02,18.56,-12.18
14/11/2023 04:00,42.83,17.9,-8.31
14/11/2023 04:30,42.83,20.27,-8.42
14/11/2023 05:00,57.44,35.47,27.24
14/11/2023 05:30,57.44,41.14,29.61
14/11/2023 06:00,84.74,52.73,64.47
14/11/2023 06:30,84.74,74.2,118
14/11/2023 07:00,87.07,75.23,118
14/11/2023 07:30,87.07,79.67,114
14/11/2023 08:00,89.64,88.89,118
14/11/2023 08:30,89.64,95.83,126.9
14/11/2023 09:00,84.05,93.98,126.9
14/11/2023 09:30,84.05,97.85,118
14/11/2023 10:00,90.06,98.79,118
14/11/2023 10:30,90.06,100.5,118
14/11/2023 11:00,95.57,107.46,126.9
14/11/2023 11:30,95.57,107.38,126.9
14/11/2023 12:00,91.92,106.91,126.9
14/11/2023 12:30,91.92,107.11,144.25
14/11/2023 13:00,90.01,104.23,118
14/11/2023 13:30,90.01,91.24,115
14/11/2023 14:00,94.43,98.75,50.33
14/11/2023 14:30,94.43,88.92,49
14/11/2023 15:00,87.16,84.01,48.6
14/11/2023 15:30,87.16,86.46,123.75
14/11/2023 16:00,118.01,90.95,52.21
14/11/2023 16:30,118.01,109.38,123.75
14/11/2023 17:00,126.15,112.35,60.7
14/11/2023 17:30,126.15,103.17,54
14/11/2023 18:00,102.76,100.07,54
14/11/2023 18:30,102.76,91.43,123.75
14/11/2023 19:00,90.92,90.46,123.75
14/11/2023 19:30,90.92,86.31,119.66
14/11/2023 20:00,91.84,88.41,123.75
14/11/2023 20:30,91.84,87.83,112
14/11/2023 21:00,89.99,87.21,112
14/11/2023 21:30,89.99,86.33,172
14/11/2023 22:00,80.06,112.19,118
14/11/2023 22:30,80.06,90.24,115.9
14/11/2023 23:00,77.9,71.61,68.11
14/11/2023 23:30,77.9,65.67,68.11
15/11/2023 00:00,66.4,70.55,110
15/11/2023 00:30,66.4,69.37,112
15/11/2023 01:00,61.21,82.15,112
15/11/2023 01:30,61.21,72.06,72.06
15/11/2023 02:00,53.93,75.69,75.69
15/11/2023 02:30,53.93,67.02,67.02
15/11/2023 03:00,56.15,65.73,53.82
15/11/2023 03:30,56.15,62.64,0
15/11/2023 04:00,63.73,59.72,0
15/11/2023 04:30,63.73,46.43,0
15/11/2023 05:00,78.66,60.22,70.35
15/11/2023 05:30,78.66,64.98,112
15/11/2023 06:00,90.98,97.29,140
15/11/2023 06:30,90.98,95.24,124
15/11/2023 07:00,95.54,102.61,124
15/11/2023 07:30,95.54,105.33,122.9
15/11/2023 08:00,99.02,103.17,122.9
15/11/2023 08:30,99.02,105.45,122.9
15/11/2023 09:00,89.3,98.52,120
15/11/2023 09:30,89.3,94.8,120
15/11/2023 10:00,83.01,99.18,122.9
15/11/2023 10:30,83.01,96.54,120
15/11/2023 11:00,79.5,87.95,56
15/11/2023 11:30,79.5,88.11,57
15/11/2023 12:00,80.02,97.97,122.9
15/11/2023 12:30,80.02,99.44,122.9
15/11/2023 13:00,82.89,100.86,120
15/11/2023 13:30,82.89,102.32,120
15/11/2023 14:00,87.98,108.49,122
15/11/2023 14:30,87.98,94.45,122
15/11/2023 15:00,91.01,103.28,122
15/11/2023 15:30,91.01,111.83,59
15/11/2023 16:00,114.01,108.43,59
15/11/2023 16:30,114.01,121.88,151
15/11/2023 17:00,118.72,116.75,138
15/11/2023 17:30,118.72,120.7,154
15/11/2023 18:00,109.23,121.11,155
15/11/2023 18:30,109.23,125.45,154
15/11/2023 19:00,99.24,124.85,154
15/11/2023 19:30,99.24,125.78,154
15/11/2023 20:00,90.01,124.28,151.9
15/11/2023 20:30,90.01,123.82,151.9
15/11/2023 21:00,88.41,111.89,133
15/11/2023 21:30,88.41,104.53,127
15/11/2023 22:00,82.59,98.72,125
15/11/2023 22:30,82.59,90.23,62.05
15/11/2023 23:00,86.97,79.77,62.75
15/11/2023 23:30,86.97,83.1,63.1
16/11/2023 00:00,91.15,84.38,63.1
16/11/2023 00:30,91.15,89.91,125
16/11/2023 01:00,92.42,93.2,130
16/11/2023 01:30,92.42,84.17,63.12
16/11/2023 02:00,87,82,63.2
16/11/2023 02:30,87,83.82,63.5
16/11/2023 03:00,85.57,86.13,130
16/11/2023 03:30,85.57,84.85,130
16/11/2023 04:00,85.09,94.34,132.31
16/11/2023 04:30,85.09,84.48,130
16/11/2023 05:00,87.8,96.53,120
16/11/2023 05:30,87.8,99.27,143
16/11/2023 06:00,97.96,101,65.2
16/11/2023 06:30,97.96,116.11,156.5
16/11/2023 07:00,113.68,110.59,149
16/11/2023 07:30,113.68,133.92,165.47
16/11/2023 08:00,116.64,129.27,66.1
16/11/2023 08:30,116.64,136.19,165
16/11/2023 09:00,119.34,144.48,165
16/11/2023 09:30,119.34,147.42,165
16/11/2023 10:00,120.78,142.02,165
16/11/2023 10:30,120.78,142.02,179
16/11/2023 11:00,119.99,149.14,91.64
16/11/2023 11:30,119.99,141.21,89.21
16/11/2023 12:00,132.05,139.15,86.69
16/11/2023 12:30,132.05,134.78,98.95
16/11/2023 13:00,132.3,137.57,179
16/11/2023 13:30,132.3,135.9,68.55
16/11/2023 14:00,127.67,133.01,69
16/11/2023 14:30,127.67,134.21,70
16/11/2023 15:00,130.34,136.25,249
16/11/2023 15:30,130.34,143.66,86
16/11/2023 16:00,151.65,134.1,70.1
16/11/2023 16:30,151.65,144.27,86
16/11/2023 17:00,168.5,149.44,71
16/11/2023 17:30,168.5,149.75,71.26
16/11/2023 18:00,143.41,138.73,75
16/11/2023 18:30,143.41,132.48,75
16/11/2023 19:00,121.65,129.48,259
16/11/2023 19:30,121.65,123.44,190
16/11/2023 20:00,101.93,125.31,165
16/11/2023 20:30,101.93,106.67,71.55
16/11/2023 21:00,90.31,103.54,153.4
16/11/2023 21:30,90.31,95.97,73.2
16/11/2023 22:00,85,92.98,73.2
16/11/2023 22:30,85,91.38,120.85
